step,additional_coverage,candidate_tests
3,1,T0072;T0073;T0074
4,0,T0001;T0002;T0003;T0004;T0005;T0006;T0007;T0008;T0009;T0010;T0011;T0012;T0013;T0014;T0015;T0016;T0017;T0018;T0019;T0020;T0021;T0022;T0023;T0024;T0025;T0026;T0027;T0028;T0029;T0030;T0031;T0032;T0033;T0034;T0035;T0036;T0037;T0038;T0039;T0040;T0041;T0042;T0043;T0044;T0045;T0046;T0047;T0048;T0049;T0050;T0051;T0052;T0053;T0054;T0055;T0056;T0057;T0058;T0059;T0060;T0061;T0062;T0063;T0064;T0065;T0066;T0067;T0068;T0069;T0070;T0071;T0073;T0074;T0075;T0076;T0077;T0078;T0079;T0080;T0081;T0082;T0083;T0084;T0085;T0087;T0088;T0089;T0090;T0091;T0092;T0093;T0094;T0095;T0096;T0097;T0098;T0099;T0100;T0101;T0102;T0103;T0104;T0105;T0106;T0107;T0108;T0109;T0110;T0111;T0112;T0113;T0114;T0115;T0116;T0117;T0118;T0119;T0120;T0121;T0122;T0123;T0124;T0125;T0126;T0127;T0128;T0129;T0130;T0131;T0133;T0134;T0135;T0136;T0137;T0138;T0139;T0140;T0141;T0142;T0143;T0144;T0145;T0146;T0147;T0148;T0149;T0150;T0151;T0152;T0153;T0154;T0155;T0156;T0157;T0158;T0159;T0160
5,0,T0002;T0003;T0004;T0005;T0006;T0007;T0008;T0009;T0010;T0011;T0012;T0013;T0014;T0015;T0016;T0017;T0018;T0019;T0020;T0021;T0022;T0023;T0024;T0025;T0026;T0027;T0028;T0029;T0030;T0031;T0032;T0033;T0034;T0035;T0036;T0037;T0038;T0039;T0040;T0041;T0042;T0043;T0044;T0045;T0046;T0047;T0048;T0049;T0050;T0051;T0052;T0053;T0054;T0055;T0056;T0057;T0058;T0059;T0060;T0061;T0062;T0063;T0064;T0065;T0066;T0067;T0068;T0069;T0070;T0071;T0073;T0074;T0075;T0076;T0077;T0078;T0079;T0080;T0081;T0082;T0083;T0084;T0085;T0087;T0088;T0089;T0090;T0091;T0092;T0093;T0094;T0095;T0096;T0097;T0098;T0099;T0100;T0101;T0102;T0103;T0104;T0105;T0106;T0107;T0108;T0109;T0110;T0111;T0112;T0113;T0114;T0115;T0116;T0117;T0118;T0119;T0120;T0121;T0122;T0123;T0124;T0125;T0126;T0127;T0128;T0129;T0130;T0131;T0133;T0134;T0135;T0136;T0137;T0138;T0139;T0140;T0141;T0142;T0143;T0144;T0145;T0146;T0147;T0148;T0149;T0150;T0151;T0152;T0153;T0154;T0155;T0156;T0157;T0158;T0159;T0160
6,0,T0003;T0004;T0005;T0006;T0007;T0008;T0009;T0010;T0011;T0012;T0013;T0014;T0015;T0016;T0017;T0018;T0019;T0020;T0021;T0022;T0023;T0024;T0025;T0026;T0027;T0028;T0029;T0030;T0031;T0032;T0033;T0034;T0035;T0036;T0037;T0038;T0039;T0040;T0041;T0042;T0043;T0044;T0045;T0046;T0047;T0048;T0049;T0050;T0051;T0052;T0053;T0054;T0055;T0056;T0057;T0058;T0059;T0060;T0061;T0062;T0063;T0064;T0065;T0066;T0067;T0068;T0069;T0070;T0071;T0073;T0074;T0075;T0076;T0077;T0078;T0079;T0080;T0081;T0082;T0083;T0084;T0085;T0087;T0088;T0089;T0090;T0091;T0092;T0093;T0094;T0095;T0096;T0097;T0098;T0099;T0100;T0101;T0102;T0103;T0104;T0105;T0106;T0107;T0108;T0109;T0110;T0111;T0112;T0113;T0114;T0115;T0116;T0117;T0118;T0119;T0120;T0121;T0122;T0123;T0124;T0125;T0126;T0127;T0128;T0129;T0130;T0131;T0133;T0134;T0135;T0136;T0137;T0138;T0139;T0140;T0141;T0142;T0143;T0144;T0145;T0146;T0147;T0148;T0149;T0150;T0151;T0152;T0153;T0154;T0155;T0156;T0157;T0158;T0159;T0160
7,0,T0004;T0005;T0006;T0007;T0008;T0009;T0010;T0011;T0012;T0013;T0014;T0015;T0016;T0017;T0018;T0019;T0020;T0021;T0022;T0023;T0024;T0025;T0026;T0027;T0028;T0029;T0030;T0031;T0032;T0033;T0034;T0035;T0036;T0037;T0038;T0039;T0040;T0041;T0042;T0043;T0044;T0045;T0046;T0047;T0048;T0049;T0050;T0051;T0052;T0053;T0054;T0055;T0056;T0057;T0058;T0059;T0060;T0061;T0062;T0063;T0064;T0065;T0066;T0067;T0068;T0069;T0070;T0071;T0073;T0074;T0075;T0076;T0077;T0078;T0079;T0080;T0081;T0082;T0083;T0084;T0085;T0087;T0088;T0089;T0090;T0091;T0092;T0093;T0094;T0095;T0096;T0097;T0098;T0099;T0100;T0101;T0102;T0103;T0104;T0105;T0106;T0107;T0108;T0109;T0110;T0111;T0112;T0113;T0114;T0115;T0116;T0117;T0118;T0119;T0120;T0121;T0122;T0123;T0124;T0125;T0126;T0127;T0128;T0129;T0130;T0131;T0133;T0134;T0135;T0136;T0137;T0138;T0139;T0140;T0141;T0142;T0143;T0144;T0145;T0146;T0147;T0148;T0149;T0150;T0151;T0152;T0153;T0154;T0155;T0156;T0157;T0158;T0159;T0160
8,0,T0005;T0006;T0007;T0008;T0009;T0010;T0011;T0012;T0013;T0014;T0015;T0016;T0017;T0018;T0019;T0020;T0021;T0022;T0023;T0024;T0025;T0026;T0027;T0028;T0029;T0030;T0031;T0032;T0033;T0034;T0035;T0036;T0037;T0038;T0039;T0040;T0041;T0042;T0043;T0044;T0045;T0046;T0047;T0048;T0049;T0050;T0051;T0052;T0053;T0054;T0055;T0056;T0057;T0058;T0059;T0060;T0061;T0062;T0063;T0064;T0065;T0066;T0067;T0068;T0069;T0070;T0071;T0073;T0074;T0075;T0076;T0077;T0078;T0079;T0080;T0081;T0082;T0083;T0084;T0085;T0087;T0088;T0089;T0090;T0091;T0092;T0093;T0094;T0095;T0096;T0097;T0098;T0099;T0100;T0101;T0102;T0103;T0104;T0105;T0106;T0107;T0108;T0109;T0110;T0111;T0112;T0113;T0114;T0115;T0116;T0117;T0118;T0119;T0120;T0121;T0122;T0123;T0124;T0125;T0126;T0127;T0128;T0129;T0130;T0131;T0133;T0134;T0135;T0136;T0137;T0138;T0139;T0140;T0141;T0142;T0143;T0144;T0145;T0146;T0147;T0148;T0149;T0150;T0151;T0152;T0153;T0154;T0155;T0156;T0157;T0158;T0159;T0160
9,0,T0006;T0007;T0008;T0009;T0010;T0011;T0012;T0013;T0014;T0015;T0016;T0017;T0018;T0019;T0020;T0021;T0022;T0023;T0024;T0025;T0026;T0027;T0028;T0029;T0030;T0031;T0032;T0033;T0034;T0035;T0036;T0037;T0038;T0039;T0040;T0041;T0042;T0043;T0044;T0045;T0046;T0047;T0048;T0049;T0050;T0051;T0052;T0053;T0054;T0055;T0056;T0057;T0058;T0059;T0060;T0061;T0062;T0063;T0064;T0065;T0066;T0067;T0068;T0069;T0070;T0071;T0073;T0074;T0075;T0076;T0077;T0078;T0079;T0080;T0081;T0082;T0083;T0084;T0085;T0087;T0088;T0089;T0090;T0091;T0092;T0093;T0094;T0095;T0096;T0097;T0098;T0099;T0100;T0101;T0102;T0103;T0104;T0105;T0106;T0107;T0108;T0109;T0110;T0111;T0112;T0113;T0114;T0115;T0116;T0117;T0118;T0119;T0120;T0121;T0122;T0123;T0124;T0125;T0126;T0127;T0128;T0129;T0130;T0131;T0133;T0134;T0135;T0136;T0137;T0138;T0139;T0140;T0141;T0142;T0143;T0144;T0145;T0146;T0147;T0148;T0149;T0150;T0151;T0152;T0153;T0154;T0155;T0156;T0157;T0158;T0159;T0160
10,0,T0007;T0008;T0009;T0010;T0011;T0012;T0013;T0014;T0015;T0016;T0017;T0018;T0019;T0020;T0021;T0022;T0023;T0024;T0025;T0026;T0027;T0028;T0029;T0030;T0031;T0032;T0033;T0034;T0035;T0036;T0037;T0038;T0039;T0040;T0041;T0042;T0043;T0044;T0045;T0046;T0047;T0048;T0049;T0050;T0051;T0052;T0053;T0054;T0055;T0056;T0057;T0058;T0059;T0060;T0061;T0062;T0063;T0064;T0065;T0066;T0067;T0068;T0069;T0070;T0071;T0073;T0074;T0075;T0076;T0077;T0078;T0079;T0080;T0081;T0082;T0083;T0084;T0085;T0087;T0088;T0089;T0090;T0091;T0092;T0093;T0094;T0095;T0096;T0097;T0098;T0099;T0100;T0101;T0102;T0103;T0104;T0105;T0106;T0107;T0108;T0109;T0110;T0111;T0112;T0113;T0114;T0115;T0116;T0117;T0118;T0119;T0120;T0121;T0122;T0123;T0124;T0125;T0126;T0127;T0128;T0129;T0130;T0131;T0133;T0134;T0135;T0136;T0137;T0138;T0139;T0140;T0141;T0142;T0143;T0144;T0145;T0146;T0147;T0148;T0149;T0150;T0151;T0152;T0153;T0154;T0155;T0156;T0157;T0158;T0159;T0160
11,0,T0008;T0009;T0010;T0011;T0012;T0013;T0014;T0015;T0016;T0017;T0018;T0019;T0020;T0021;T0022;T0023;T0024;T0025;T0026;T0027;T0028;T0029;T0030;T0031;T0032;T0033;T0034;T0035;T0036;T0037;T0038;T0039;T0040;T0041;T0042;T0043;T0044;T0045;T0046;T0047;T0048;T0049;T0050;T0051;T0052;T0053;T0054;T0055;T0056;T0057;T0058;T0059;T0060;T0061;T0062;T0063;T0064;T0065;T0066;T0067;T0068;T0069;T0070;T0071;T0073;T0074;T0075;T0076;T0077;T0078;T0079;T0080;T0081;T0082;T0083;T0084;T0085;T0087;T0088;T0089;T0090;T0091;T0092;T0093;T0094;T0095;T0096;T0097;T0098;T0099;T0100;T0101;T0102;T0103;T0104;T0105;T0106;T0107;T0108;T0109;T0110;T0111;T0112;T0113;T0114;T0115;T0116;T0117;T0118;T0119;T0120;T0121;T0122;T0123;T0124;T0125;T0126;T0127;T0128;T0129;T0130;T0131;T0133;T0134;T0135;T0136;T0137;T0138;T0139;T0140;T0141;T0142;T0143;T0144;T0145;T0146;T0147;T0148;T0149;T0150;T0151;T0152;T0153;T0154;T0155;T0156;T0157;T0158;T0159;T0160
12,0,T0009;T0010;T0011;T0012;T0013;T0014;T0015;T0016;T0017;T0018;T0019;T0020;T0021;T0022;T0023;T0024;T0025;T0026;T0027;T0028;T0029;T0030;T0031;T0032;T0033;T0034;T0035;T0036;T0037;T0038;T0039;T0040;T0041;T0042;T0043;T0044;T0045;T0046;T0047;T0048;T0049;T0050;T0051;T0052;T0053;T0054;T0055;T0056;T0057;T0058;T0059;T0060;T0061;T0062;T0063;T0064;T0065;T0066;T0067;T0068;T0069;T0070;T0071;T0073;T0074;T0075;T0076;T0077;T0078;T0079;T0080;T0081;T0082;T0083;T0084;T0085;T0087;T0088;T0089;T0090;T0091;T0092;T0093;T0094;T0095;T0096;T0097;T0098;T0099;T0100;T0101;T0102;T0103;T0104;T0105;T0106;T0107;T0108;T0109;T0110;T0111;T0112;T0113;T0114;T0115;T0116;T0117;T0118;T0119;T0120;T0121;T0122;T0123;T0124;T0125;T0126;T0127;T0128;T0129;T0130;T0131;T0133;T0134;T0135;T0136;T0137;T0138;T0139;T0140;T0141;T0142;T0143;T0144;T0145;T0146;T0147;T0148;T0149;T0150;T0151;T0152;T0153;T0154;T0155;T0156;T0157;T0158;T0159;T0160
13,0,T0010;T0011;T0012;T0013;T0014;T0015;T0016;T0017;T0018;T0019;T0020;T0021;T0022;T0023;T0024;T0025;T0026;T0027;T0028;T0029;T0030;T0031;T0032;T0033;T0034;T0035;T0036;T0037;T0038;T0039;T0040;T0041;T0042;T0043;T0044;T0045;T0046;T0047;T0048;T0049;T0050;T0051;T0052;T0053;T0054;T0055;T0056;T0057;T0058;T0059;T0060;T0061;T0062;T0063;T0064;T0065;T0066;T0067;T0068;T0069;T0070;T0071;T0073;T0074;T0075;T0076;T0077;T0078;T0079;T0080;T0081;T0082;T0083;T0084;T0085;T0087;T0088;T0089;T0090;T0091;T0092;T0093;T0094;T0095;T0096;T0097;T0098;T0099;T0100;T0101;T0102;T0103;T0104;T0105;T0106;T0107;T0108;T0109;T0110;T0111;T0112;T0113;T0114;T0115;T0116;T0117;T0118;T0119;T0120;T0121;T0122;T0123;T0124;T0125;T0126;T0127;T0128;T0129;T0130;T0131;T0133;T0134;T0135;T0136;T0137;T0138;T0139;T0140;T0141;T0142;T0143;T0144;T0145;T0146;T0147;T0148;T0149;T0150;T0151;T0152;T0153;T0154;T0155;T0156;T0157;T0158;T0159;T0160
14,0,T0011;T0012;T0013;T0014;T0015;T0016;T0017;T0018;T0019;T0020;T0021;T0022;T0023;T0024;T0025;T0026;T0027;T0028;T0029;T0030;T0031;T0032;T0033;T0034;T0035;T0036;T0037;T0038;T0039;T0040;T0041;T0042;T0043;T0044;T0045;T0046;T0047;T0048;T0049;T0050;T0051;T0052;T0053;T0054;T0055;T0056;T0057;T0058;T0059;T0060;T0061;T0062;T0063;T0064;T0065;T0066;T0067;T0068;T0069;T0070;T0071;T0073;T0074;T0075;T0076;T0077;T0078;T0079;T0080;T0081;T0082;T0083;T0084;T0085;T0087;T0088;T0089;T0090;T0091;T0092;T0093;T0094;T0095;T0096;T0097;T0098;T0099;T0100;T0101;T0102;T0103;T0104;T0105;T0106;T0107;T0108;T0109;T0110;T0111;T0112;T0113;T0114;T0115;T0116;T0117;T0118;T0119;T0120;T0121;T0122;T0123;T0124;T0125;T0126;T0127;T0128;T0129;T0130;T0131;T0133;T0134;T0135;T0136;T0137;T0138;T0139;T0140;T0141;T0142;T0143;T0144;T0145;T0146;T0147;T0148;T0149;T0150;T0151;T0152;T0153;T0154;T0155;T0156;T0157;T0158;T0159;T0160
15,0,T0012;T0013;T0014;T0015;T0016;T0017;T0018;T0019;T0020;T0021;T0022;T0023;T0024;T0025;T0026;T0027;T0028;T0029;T0030;T0031;T0032;T0033;T0034;T0035;T0036;T0037;T0038;T0039;T0040;T0041;T0042;T0043;T0044;T0045;T0046;T0047;T0048;T0049;T0050;T0051;T0052;T0053;T0054;T0055;T0056;T0057;T0058;T0059;T0060;T0061;T0062;T0063;T0064;T0065;T0066;T0067;T0068;T0069;T0070;T0071;T0073;T0074;T0075;T0076;T0077;T0078;T0079;T0080;T0081;T0082;T0083;T0084;T0085;T0087;T0088;T0089;T0090;T0091;T0092;T0093;T0094;T0095;T0096;T0097;T0098;T0099;T0100;T0101;T0102;T0103;T0104;T0105;T0106;T0107;T0108;T0109;T0110;T0111;T0112;T0113;T0114;T0115;T0116;T0117;T0118;T0119;T0120;T0121;T0122;T0123;T0124;T0125;T0126;T0127;T0128;T0129;T0130;T0131;T0133;T0134;T0135;T0136;T0137;T0138;T0139;T0140;T0141;T0142;T0143;T0144;T0145;T0146;T0147;T0148;T0149;T0150;T0151;T0152;T0153;T0154;T0155;T0156;T0157;T0158;T0159;T0160
16,0,T0013;T0014;T0015;T0016;T0017;T0018;T0019;T0020;T0021;T0022;T0023;T0024;T0025;T0026;T0027;T0028;T0029;T0030;T0031;T0032;T0033;T0034;T0035;T0036;T0037;T0038;T0039;T0040;T0041;T0042;T0043;T0044;T0045;T0046;T0047;T0048;T0049;T0050;T0051;T0052;T0053;T0054;T0055;T0056;T0057;T0058;T0059;T0060;T0061;T0062;T0063;T0064;T0065;T0066;T0067;T0068;T0069;T0070;T0071;T0073;T0074;T0075;T0076;T0077;T0078;T0079;T0080;T0081;T0082;T0083;T0084;T0085;T0087;T0088;T0089;T0090;T0091;T0092;T0093;T0094;T0095;T0096;T0097;T0098;T0099;T0100;T0101;T0102;T0103;T0104;T0105;T0106;T0107;T0108;T0109;T0110;T0111;T0112;T0113;T0114;T0115;T0116;T0117;T0118;T0119;T0120;T0121;T0122;T0123;T0124;T0125;T0126;T0127;T0128;T0129;T0130;T0131;T0133;T0134;T0135;T0136;T0137;T0138;T0139;T0140;T0141;T0142;T0143;T0144;T0145;T0146;T0147;T0148;T0149;T0150;T0151;T0152;T0153;T0154;T0155;T0156;T0157;T0158;T0159;T0160
17,0,T0014;T0015;T0016;T0017;T0018;T0019;T0020;T0021;T0022;T0023;T0024;T0025;T0026;T0027;T0028;T0029;T0030;T0031;T0032;T0033;T0034;T0035;T0036;T0037;T0038;T0039;T0040;T0041;T0042;T0043;T0044;T0045;T0046;T0047;T0048;T0049;T0050;T0051;T0052;T0053;T0054;T0055;T0056;T0057;T0058;T0059;T0060;T0061;T0062;T0063;T0064;T0065;T0066;T0067;T0068;T0069;T0070;T0071;T0073;T0074;T0075;T0076;T0077;T0078;T0079;T0080;T0081;T0082;T0083;T0084;T0085;T0087;T0088;T0089;T0090;T0091;T0092;T0093;T0094;T0095;T0096;T0097;T0098;T0099;T0100;T0101;T0102;T0103;T0104;T0105;T0106;T0107;T0108;T0109;T0110;T0111;T0112;T0113;T0114;T0115;T0116;T0117;T0118;T0119;T0120;T0121;T0122;T0123;T0124;T0125;T0126;T0127;T0128;T0129;T0130;T0131;T0133;T0134;T0135;T0136;T0137;T0138;T0139;T0140;T0141;T0142;T0143;T0144;T0145;T0146;T0147;T0148;T0149;T0150;T0151;T0152;T0153;T0154;T0155;T0156;T0157;T0158;T0159;T0160
18,0,T0015;T0016;T0017;T0018;T0019;T0020;T0021;T0022;T0023;T0024;T0025;T0026;T0027;T0028;T0029;T0030;T0031;T0032;T0033;T0034;T0035;T0036;T0037;T0038;T0039;T0040;T0041;T0042;T0043;T0044;T0045;T0046;T0047;T0048;T0049;T0050;T0051;T0052;T0053;T0054;T0055;T0056;T0057;T0058;T0059;T0060;T0061;T0062;T0063;T0064;T0065;T0066;T0067;T0068;T0069;T0070;T0071;T0073;T0074;T0075;T0076;T0077;T0078;T0079;T0080;T0081;T0082;T0083;T0084;T0085;T0087;T0088;T0089;T0090;T0091;T0092;T0093;T0094;T0095;T0096;T0097;T0098;T0099;T0100;T0101;T0102;T0103;T0104;T0105;T0106;T0107;T0108;T0109;T0110;T0111;T0112;T0113;T0114;T0115;T0116;T0117;T0118;T0119;T0120;T0121;T0122;T0123;T0124;T0125;T0126;T0127;T0128;T0129;T0130;T0131;T0133;T0134;T0135;T0136;T0137;T0138;T0139;T0140;T0141;T0142;T0143;T0144;T0145;T0146;T0147;T0148;T0149;T0150;T0151;T0152;T0153;T0154;T0155;T0156;T0157;T0158;T0159;T0160
19,0,T0016;T0017;T0018;T0019;T0020;T0021;T0022;T0023;T0024;T0025;T0026;T0027;T0028;T0029;T0030;T0031;T0032;T0033;T0034;T0035;T0036;T0037;T0038;T0039;T0040;T0041;T0042;T0043;T0044;T0045;T0046;T0047;T0048;T0049;T0050;T0051;T0052;T0053;T0054;T0055;T0056;T0057;T0058;T0059;T0060;T0061;T0062;T0063;T0064;T0065;T0066;T0067;T0068;T0069;T0070;T0071;T0073;T0074;T0075;T0076;T0077;T0078;T0079;T0080;T0081;T0082;T0083;T0084;T0085;T0087;T0088;T0089;T0090;T0091;T0092;T0093;T0094;T0095;T0096;T0097;T0098;T0099;T0100;T0101;T0102;T0103;T0104;T0105;T0106;T0107;T0108;T0109;T0110;T0111;T0112;T0113;T0114;T0115;T0116;T0117;T0118;T0119;T0120;T0121;T0122;T0123;T0124;T0125;T0126;T0127;T0128;T0129;T0130;T0131;T0133;T0134;T0135;T0136;T0137;T0138;T0139;T0140;T0141;T0142;T0143;T0144;T0145;T0146;T0147;T0148;T0149;T0150;T0151;T0152;T0153;T0154;T0155;T0156;T0157;T0158;T0159;T0160
20,0,T0017;T0018;T0019;T0020;T0021;T0022;T0023;T0024;T0025;T0026;T0027;T0028;T0029;T0030;T0031;T0032;T0033;T0034;T0035;T0036;T0037;T0038;T0039;T0040;T0041;T0042;T0043;T0044;T0045;T0046;T0047;T0048;T0049;T0050;T0051;T0052;T0053;T0054;T0055;T0056;T0057;T0058;T0059;T0060;T0061;T0062;T0063;T0064;T0065;T0066;T0067;T0068;T0069;T0070;T0071;T0073;T0074;T0075;T0076;T0077;T0078;T0079;T0080;T0081;T0082;T0083;T0084;T0085;T0087;T0088;T0089;T0090;T0091;T0092;T0093;T0094;T0095;T0096;T0097;T0098;T0099;T0100;T0101;T0102;T0103;T0104;T0105;T0106;T0107;T0108;T0109;T0110;T0111;T0112;T0113;T0114;T0115;T0116;T0117;T0118;T0119;T0120;T0121;T0122;T0123;T0124;T0125;T0126;T0127;T0128;T0129;T0130;T0131;T0133;T0134;T0135;T0136;T0137;T0138;T0139;T0140;T0141;T0142;T0143;T0144;T0145;T0146;T0147;T0148;T0149;T0150;T0151;T0152;T0153;T0154;T0155;T0156;T0157;T0158;T0159;T0160
21,0,T0018;T0019;T0020;T0021;T0022;T0023;T0024;T0025;T0026;T0027;T0028;T0029;T0030;T0031;T0032;T0033;T0034;T0035;T0036;T0037;T0038;T0039;T0040;T0041;T0042;T0043;T0044;T0045;T0046;T0047;T0048;T0049;T0050;T0051;T0052;T0053;T0054;T0055;T0056;T0057;T0058;T0059;T0060;T0061;T0062;T0063;T0064;T0065;T0066;T0067;T0068;T0069;T0070;T0071;T0073;T0074;T0075;T0076;T0077;T0078;T0079;T0080;T0081;T0082;T0083;T0084;T0085;T0087;T0088;T0089;T0090;T0091;T0092;T0093;T0094;T0095;T0096;T0097;T0098;T0099;T0100;T0101;T0102;T0103;T0104;T0105;T0106;T0107;T0108;T0109;T0110;T0111;T0112;T0113;T0114;T0115;T0116;T0117;T0118;T0119;T0120;T0121;T0122;T0123;T0124;T0125;T0126;T0127;T0128;T0129;T0130;T0131;T0133;T0134;T0135;T0136;T0137;T0138;T0139;T0140;T0141;T0142;T0143;T0144;T0145;T0146;T0147;T0148;T0149;T0150;T0151;T0152;T0153;T0154;T0155;T0156;T0157;T0158;T0159;T0160
22,0,T0019;T0020;T0021;T0022;T0023;T0024;T0025;T0026;T0027;T0028;T0029;T0030;T0031;T0032;T0033;T0034;T0035;T0036;T0037;T0038;T0039;T0040;T0041;T0042;T0043;T0044;T0045;T0046;T0047;T0048;T0049;T0050;T0051;T0052;T0053;T0054;T0055;T0056;T0057;T0058;T0059;T0060;T0061;T0062;T0063;T0064;T0065;T0066;T0067;T0068;T0069;T0070;T0071;T0073;T0074;T0075;T0076;T0077;T0078;T0079;T0080;T0081;T0082;T0083;T0084;T0085;T0087;T0088;T0089;T0090;T0091;T0092;T0093;T0094;T0095;T0096;T0097;T0098;T0099;T0100;T0101;T0102;T0103;T0104;T0105;T0106;T0107;T0108;T0109;T0110;T0111;T0112;T0113;T0114;T0115;T0116;T0117;T0118;T0119;T0120;T0121;T0122;T0123;T0124;T0125;T0126;T0127;T0128;T0129;T0130;T0131;T0133;T0134;T0135;T0136;T0137;T0138;T0139;T0140;T0141;T0142;T0143;T0144;T0145;T0146;T0147;T0148;T0149;T0150;T0151;T0152;T0153;T0154;T0155;T0156;T0157;T0158;T0159;T0160
23,0,T0020;T0021;T0022;T0023;T0024;T0025;T0026;T0027;T0028;T0029;T0030;T0031;T0032;T0033;T0034;T0035;T0036;T0037;T0038;T0039;T0040;T0041;T0042;T0043;T0044;T0045;T0046;T0047;T0048;T0049;T0050;T0051;T0052;T0053;T0054;T0055;T0056;T0057;T0058;T0059;T0060;T0061;T0062;T0063;T0064;T0065;T0066;T0067;T0068;T0069;T0070;T0071;T0073;T0074;T0075;T0076;T0077;T0078;T0079;T0080;T0081;T0082;T0083;T0084;T0085;T0087;T0088;T0089;T0090;T0091;T0092;T0093;T0094;T0095;T0096;T0097;T0098;T0099;T0100;T0101;T0102;T0103;T0104;T0105;T0106;T0107;T0108;T0109;T0110;T0111;T0112;T0113;T0114;T0115;T0116;T0117;T0118;T0119;T0120;T0121;T0122;T0123;T0124;T0125;T0126;T0127;T0128;T0129;T0130;T0131;T0133;T0134;T0135;T0136;T0137;T0138;T0139;T0140;T0141;T0142;T0143;T0144;T0145;T0146;T0147;T0148;T0149;T0150;T0151;T0152;T0153;T0154;T0155;T0156;T0157;T0158;T0159;T0160
24,0,T0021;T0022;T0023;T0024;T0025;T0026;T0027;T0028;T0029;T0030;T0031;T0032;T0033;T0034;T0035;T0036;T0037;T0038;T0039;T0040;T0041;T0042;T0043;T0044;T0045;T0046;T0047;T0048;T0049;T0050;T0051;T0052;T0053;T0054;T0055;T0056;T0057;T0058;T0059;T0060;T0061;T0062;T0063;T0064;T0065;T0066;T0067;T0068;T0069;T0070;T0071;T0073;T0074;T0075;T0076;T0077;T0078;T0079;T0080;T0081;T0082;T0083;T0084;T0085;T0087;T0088;T0089;T0090;T0091;T0092;T0093;T0094;T0095;T0096;T0097;T0098;T0099;T0100;T0101;T0102;T0103;T0104;T0105;T0106;T0107;T0108;T0109;T0110;T0111;T0112;T0113;T0114;T0115;T0116;T0117;T0118;T0119;T0120;T0121;T0122;T0123;T0124;T0125;T0126;T0127;T0128;T0129;T0130;T0131;T0133;T0134;T0135;T0136;T0137;T0138;T0139;T0140;T0141;T0142;T0143;T0144;T0145;T0146;T0147;T0148;T0149;T0150;T0151;T0152;T0153;T0154;T0155;T0156;T0157;T0158;T0159;T0160
25,0,T0022;T0023;T0024;T0025;T0026;T0027;T0028;T0029;T0030;T0031;T0032;T0033;T0034;T0035;T0036;T0037;T0038;T0039;T0040;T0041;T0042;T0043;T0044;T0045;T0046;T0047;T0048;T0049;T0050;T0051;T0052;T0053;T0054;T0055;T0056;T0057;T0058;T0059;T0060;T0061;T0062;T0063;T0064;T0065;T0066;T0067;T0068;T0069;T0070;T0071;T0073;T0074;T0075;T0076;T0077;T0078;T0079;T0080;T0081;T0082;T0083;T0084;T0085;T0087;T0088;T0089;T0090;T0091;T0092;T0093;T0094;T0095;T0096;T0097;T0098;T0099;T0100;T0101;T0102;T0103;T0104;T0105;T0106;T0107;T0108;T0109;T0110;T0111;T0112;T0113;T0114;T0115;T0116;T0117;T0118;T0119;T0120;T0121;T0122;T0123;T0124;T0125;T0126;T0127;T0128;T0129;T0130;T0131;T0133;T0134;T0135;T0136;T0137;T0138;T0139;T0140;T0141;T0142;T0143;T0144;T0145;T0146;T0147;T0148;T0149;T0150;T0151;T0152;T0153;T0154;T0155;T0156;T0157;T0158;T0159;T0160
26,0,T0023;T0024;T0025;T0026;T0027;T0028;T0029;T0030;T0031;T0032;T0033;T0034;T0035;T0036;T0037;T0038;T0039;T0040;T0041;T0042;T0043;T0044;T0045;T0046;T0047;T0048;T0049;T0050;T0051;T0052;T0053;T0054;T0055;T0056;T0057;T0058;T0059;T0060;T0061;T0062;T0063;T0064;T0065;T0066;T0067;T0068;T0069;T0070;T0071;T0073;T0074;T0075;T0076;T0077;T0078;T0079;T0080;T0081;T0082;T0083;T0084;T0085;T0087;T0088;T0089;T0090;T0091;T0092;T0093;T0094;T0095;T0096;T0097;T0098;T0099;T0100;T0101;T0102;T0103;T0104;T0105;T0106;T0107;T0108;T0109;T0110;T0111;T0112;T0113;T0114;T0115;T0116;T0117;T0118;T0119;T0120;T0121;T0122;T0123;T0124;T0125;T0126;T0127;T0128;T0129;T0130;T0131;T0133;T0134;T0135;T0136;T0137;T0138;T0139;T0140;T0141;T0142;T0143;T0144;T0145;T0146;T0147;T0148;T0149;T0150;T0151;T0152;T0153;T0154;T0155;T0156;T0157;T0158;T0159;T0160
27,0,T0024;T0025;T0026;T0027;T0028;T0029;T0030;T0031;T0032;T0033;T0034;T0035;T0036;T0037;T0038;T0039;T0040;T0041;T0042;T0043;T0044;T0045;T0046;T0047;T0048;T0049;T0050;T0051;T0052;T0053;T0054;T0055;T0056;T0057;T0058;T0059;T0060;T0061;T0062;T0063;T0064;T0065;T0066;T0067;T0068;T0069;T0070;T0071;T0073;T0074;T0075;T0076;T0077;T0078;T0079;T0080;T0081;T0082;T0083;T0084;T0085;T0087;T0088;T0089;T0090;T0091;T0092;T0093;T0094;T0095;T0096;T0097;T0098;T0099;T0100;T0101;T0102;T0103;T0104;T0105;T0106;T0107;T0108;T0109;T0110;T0111;T0112;T0113;T0114;T0115;T0116;T0117;T0118;T0119;T0120;T0121;T0122;T0123;T0124;T0125;T0126;T0127;T0128;T0129;T0130;T0131;T0133;T0134;T0135;T0136;T0137;T0138;T0139;T0140;T0141;T0142;T0143;T0144;T0145;T0146;T0147;T0148;T0149;T0150;T0151;T0152;T0153;T0154;T0155;T0156;T0157;T0158;T0159;T0160
28,0,T0025;T0026;T0027;T0028;T0029;T0030;T0031;T0032;T0033;T0034;T0035;T0036;T0037;T0038;T0039;T0040;T0041;T0042;T0043;T0044;T0045;T0046;T0047;T0048;T0049;T0050;T0051;T0052;T0053;T0054;T0055;T0056;T0057;T0058;T0059;T0060;T0061;T0062;T0063;T0064;T0065;T0066;T0067;T0068;T0069;T0070;T0071;T0073;T0074;T0075;T0076;T0077;T0078;T0079;T0080;T0081;T0082;T0083;T0084;T0085;T0087;T0088;T0089;T0090;T0091;T0092;T0093;T0094;T0095;T0096;T0097;T0098;T0099;T0100;T0101;T0102;T0103;T0104;T0105;T0106;T0107;T0108;T0109;T0110;T0111;T0112;T0113;T0114;T0115;T0116;T0117;T0118;T0119;T0120;T0121;T0122;T0123;T0124;T0125;T0126;T0127;T0128;T0129;T0130;T0131;T0133;T0134;T0135;T0136;T0137;T0138;T0139;T0140;T0141;T0142;T0143;T0144;T0145;T0146;T0147;T0148;T0149;T0150;T0151;T0152;T0153;T0154;T0155;T0156;T0157;T0158;T0159;T0160
29,0,T0026;T0027;T0028;T0029;T0030;T0031;T0032;T0033;T0034;T0035;T0036;T0037;T0038;T0039;T0040;T0041;T0042;T0043;T0044;T0045;T0046;T0047;T0048;T0049;T0050;T0051;T0052;T0053;T0054;T0055;T0056;T0057;T0058;T0059;T0060;T0061;T0062;T0063;T0064;T0065;T0066;T0067;T0068;T0069;T0070;T0071;T0073;T0074;T0075;T0076;T0077;T0078;T0079;T0080;T0081;T0082;T0083;T0084;T0085;T0087;T0088;T0089;T0090;T0091;T0092;T0093;T0094;T0095;T0096;T0097;T0098;T0099;T0100;T0101;T0102;T0103;T0104;T0105;T0106;T0107;T0108;T0109;T0110;T0111;T0112;T0113;T0114;T0115;T0116;T0117;T0118;T0119;T0120;T0121;T0122;T0123;T0124;T0125;T0126;T0127;T0128;T0129;T0130;T0131;T0133;T0134;T0135;T0136;T0137;T0138;T0139;T0140;T0141;T0142;T0143;T0144;T0145;T0146;T0147;T0148;T0149;T0150;T0151;T0152;T0153;T0154;T0155;T0156;T0157;T0158;T0159;T0160
30,0,T0027;T0028;T0029;T0030;T0031;T0032;T0033;T0034;T0035;T0036;T0037;T0038;T0039;T0040;T0041;T0042;T0043;T0044;T0045;T0046;T0047;T0048;T0049;T0050;T0051;T0052;T0053;T0054;T0055;T0056;T0057;T0058;T0059;T0060;T0061;T0062;T0063;T0064;T0065;T0066;T0067;T0068;T0069;T0070;T0071;T0073;T0074;T0075;T0076;T0077;T0078;T0079;T0080;T0081;T0082;T0083;T0084;T0085;T0087;T0088;T0089;T0090;T0091;T0092;T0093;T0094;T0095;T0096;T0097;T0098;T0099;T0100;T0101;T0102;T0103;T0104;T0105;T0106;T0107;T0108;T0109;T0110;T0111;T0112;T0113;T0114;T0115;T0116;T0117;T0118;T0119;T0120;T0121;T0122;T0123;T0124;T0125;T0126;T0127;T0128;T0129;T0130;T0131;T0133;T0134;T0135;T0136;T0137;T0138;T0139;T0140;T0141;T0142;T0143;T0144;T0145;T0146;T0147;T0148;T0149;T0150;T0151;T0152;T0153;T0154;T0155;T0156;T0157;T0158;T0159;T0160
31,0,T0028;T0029;T0030;T0031;T0032;T0033;T0034;T0035;T0036;T0037;T0038;T0039;T0040;T0041;T0042;T0043;T0044;T0045;T0046;T0047;T0048;T0049;T0050;T0051;T0052;T0053;T0054;T0055;T0056;T0057;T0058;T0059;T0060;T0061;T0062;T0063;T0064;T0065;T0066;T0067;T0068;T0069;T0070;T0071;T0073;T0074;T0075;T0076;T0077;T0078;T0079;T0080;T0081;T0082;T0083;T0084;T0085;T0087;T0088;T0089;T0090;T0091;T0092;T0093;T0094;T0095;T0096;T0097;T0098;T0099;T0100;T0101;T0102;T0103;T0104;T0105;T0106;T0107;T0108;T0109;T0110;T0111;T0112;T0113;T0114;T0115;T0116;T0117;T0118;T0119;T0120;T0121;T0122;T0123;T0124;T0125;T0126;T0127;T0128;T0129;T0130;T0131;T0133;T0134;T0135;T0136;T0137;T0138;T0139;T0140;T0141;T0142;T0143;T0144;T0145;T0146;T0147;T0148;T0149;T0150;T0151;T0152;T0153;T0154;T0155;T0156;T0157;T0158;T0159;T0160
32,0,T0029;T0030;T0031;T0032;T0033;T0034;T0035;T0036;T0037;T0038;T0039;T0040;T0041;T0042;T0043;T0044;T0045;T0046;T0047;T0048;T0049;T0050;T0051;T0052;T0053;T0054;T0055;T0056;T0057;T0058;T0059;T0060;T0061;T0062;T0063;T0064;T0065;T0066;T0067;T0068;T0069;T0070;T0071;T0073;T0074;T0075;T0076;T0077;T0078;T0079;T0080;T0081;T0082;T0083;T0084;T0085;T0087;T0088;T0089;T0090;T0091;T0092;T0093;T0094;T0095;T0096;T0097;T0098;T0099;T0100;T0101;T0102;T0103;T0104;T0105;T0106;T0107;T0108;T0109;T0110;T0111;T0112;T0113;T0114;T0115;T0116;T0117;T0118;T0119;T0120;T0121;T0122;T0123;T0124;T0125;T0126;T0127;T0128;T0129;T0130;T0131;T0133;T0134;T0135;T0136;T0137;T0138;T0139;T0140;T0141;T0142;T0143;T0144;T0145;T0146;T0147;T0148;T0149;T0150;T0151;T0152;T0153;T0154;T0155;T0156;T0157;T0158;T0159;T0160
33,0,T0030;T0031;T0032;T0033;T0034;T0035;T0036;T0037;T0038;T0039;T0040;T0041;T0042;T0043;T0044;T0045;T0046;T0047;T0048;T0049;T0050;T0051;T0052;T0053;T0054;T0055;T0056;T0057;T0058;T0059;T0060;T0061;T0062;T0063;T0064;T0065;T0066;T0067;T0068;T0069;T0070;T0071;T0073;T0074;T0075;T0076;T0077;T0078;T0079;T0080;T0081;T0082;T0083;T0084;T0085;T0087;T0088;T0089;T0090;T0091;T0092;T0093;T0094;T0095;T0096;T0097;T0098;T0099;T0100;T0101;T0102;T0103;T0104;T0105;T0106;T0107;T0108;T0109;T0110;T0111;T0112;T0113;T0114;T0115;T0116;T0117;T0118;T0119;T0120;T0121;T0122;T0123;T0124;T0125;T0126;T0127;T0128;T0129;T0130;T0131;T0133;T0134;T0135;T0136;T0137;T0138;T0139;T0140;T0141;T0142;T0143;T0144;T0145;T0146;T0147;T0148;T0149;T0150;T0151;T0152;T0153;T0154;T0155;T0156;T0157;T0158;T0159;T0160
34,0,T0031;T0032;T0033;T0034;T0035;T0036;T0037;T0038;T0039;T0040;T0041;T0042;T0043;T0044;T0045;T0046;T0047;T0048;T0049;T0050;T0051;T0052;T0053;T0054;T0055;T0056;T0057;T0058;T0059;T0060;T0061;T0062;T0063;T0064;T0065;T0066;T0067;T0068;T0069;T0070;T0071;T0073;T0074;T0075;T0076;T0077;T0078;T0079;T0080;T0081;T0082;T0083;T0084;T0085;T0087;T0088;T0089;T0090;T0091;T0092;T0093;T0094;T0095;T0096;T0097;T0098;T0099;T0100;T0101;T0102;T0103;T0104;T0105;T0106;T0107;T0108;T0109;T0110;T0111;T0112;T0113;T0114;T0115;T0116;T0117;T0118;T0119;T0120;T0121;T0122;T0123;T0124;T0125;T0126;T0127;T0128;T0129;T0130;T0131;T0133;T0134;T0135;T0136;T0137;T0138;T0139;T0140;T0141;T0142;T0143;T0144;T0145;T0146;T0147;T0148;T0149;T0150;T0151;T0152;T0153;T0154;T0155;T0156;T0157;T0158;T0159;T0160
35,0,T0032;T0033;T0034;T0035;T0036;T0037;T0038;T0039;T0040;T0041;T0042;T0043;T0044;T0045;T0046;T0047;T0048;T0049;T0050;T0051;T0052;T0053;T0054;T0055;T0056;T0057;T0058;T0059;T0060;T0061;T0062;T0063;T0064;T0065;T0066;T0067;T0068;T0069;T0070;T0071;T0073;T0074;T0075;T0076;T0077;T0078;T0079;T0080;T0081;T0082;T0083;T0084;T0085;T0087;T0088;T0089;T0090;T0091;T0092;T0093;T0094;T0095;T0096;T0097;T0098;T0099;T0100;T0101;T0102;T0103;T0104;T0105;T0106;T0107;T0108;T0109;T0110;T0111;T0112;T0113;T0114;T0115;T0116;T0117;T0118;T0119;T0120;T0121;T0122;T0123;T0124;T0125;T0126;T0127;T0128;T0129;T0130;T0131;T0133;T0134;T0135;T0136;T0137;T0138;T0139;T0140;T0141;T0142;T0143;T0144;T0145;T0146;T0147;T0148;T0149;T0150;T0151;T0152;T0153;T0154;T0155;T0156;T0157;T0158;T0159;T0160
36,0,T0033;T0034;T0035;T0036;T0037;T0038;T0039;T0040;T0041;T0042;T0043;T0044;T0045;T0046;T0047;T0048;T0049;T0050;T0051;T0052;T0053;T0054;T0055;T0056;T0057;T0058;T0059;T0060;T0061;T0062;T0063;T0064;T0065;T0066;T0067;T0068;T0069;T0070;T0071;T0073;T0074;T0075;T0076;T0077;T0078;T0079;T0080;T0081;T0082;T0083;T0084;T0085;T0087;T0088;T0089;T0090;T0091;T0092;T0093;T0094;T0095;T0096;T0097;T0098;T0099;T0100;T0101;T0102;T0103;T0104;T0105;T0106;T0107;T0108;T0109;T0110;T0111;T0112;T0113;T0114;T0115;T0116;T0117;T0118;T0119;T0120;T0121;T0122;T0123;T0124;T0125;T0126;T0127;T0128;T0129;T0130;T0131;T0133;T0134;T0135;T0136;T0137;T0138;T0139;T0140;T0141;T0142;T0143;T0144;T0145;T0146;T0147;T0148;T0149;T0150;T0151;T0152;T0153;T0154;T0155;T0156;T0157;T0158;T0159;T0160
37,0,T0034;T0035;T0036;T0037;T0038;T0039;T0040;T0041;T0042;T0043;T0044;T0045;T0046;T0047;T0048;T0049;T0050;T0051;T0052;T0053;T0054;T0055;T0056;T0057;T0058;T0059;T0060;T0061;T0062;T0063;T0064;T0065;T0066;T0067;T0068;T0069;T0070;T0071;T0073;T0074;T0075;T0076;T0077;T0078;T0079;T0080;T0081;T0082;T0083;T0084;T0085;T0087;T0088;T0089;T0090;T0091;T0092;T0093;T0094;T0095;T0096;T0097;T0098;T0099;T0100;T0101;T0102;T0103;T0104;T0105;T0106;T0107;T0108;T0109;T0110;T0111;T0112;T0113;T0114;T0115;T0116;T0117;T0118;T0119;T0120;T0121;T0122;T0123;T0124;T0125;T0126;T0127;T0128;T0129;T0130;T0131;T0133;T0134;T0135;T0136;T0137;T0138;T0139;T0140;T0141;T0142;T0143;T0144;T0145;T0146;T0147;T0148;T0149;T0150;T0151;T0152;T0153;T0154;T0155;T0156;T0157;T0158;T0159;T0160
38,0,T0035;T0036;T0037;T0038;T0039;T0040;T0041;T0042;T0043;T0044;T0045;T0046;T0047;T0048;T0049;T0050;T0051;T0052;T0053;T0054;T0055;T0056;T0057;T0058;T0059;T0060;T0061;T0062;T0063;T0064;T0065;T0066;T0067;T0068;T0069;T0070;T0071;T0073;T0074;T0075;T0076;T0077;T0078;T0079;T0080;T0081;T0082;T0083;T0084;T0085;T0087;T0088;T0089;T0090;T0091;T0092;T0093;T0094;T0095;T0096;T0097;T0098;T0099;T0100;T0101;T0102;T0103;T0104;T0105;T0106;T0107;T0108;T0109;T0110;T0111;T0112;T0113;T0114;T0115;T0116;T0117;T0118;T0119;T0120;T0121;T0122;T0123;T0124;T0125;T0126;T0127;T0128;T0129;T0130;T0131;T0133;T0134;T0135;T0136;T0137;T0138;T0139;T0140;T0141;T0142;T0143;T0144;T0145;T0146;T0147;T0148;T0149;T0150;T0151;T0152;T0153;T0154;T0155;T0156;T0157;T0158;T0159;T0160
39,0,T0036;T0037;T0038;T0039;T0040;T0041;T0042;T0043;T0044;T0045;T0046;T0047;T0048;T0049;T0050;T0051;T0052;T0053;T0054;T0055;T0056;T0057;T0058;T0059;T0060;T0061;T0062;T0063;T0064;T0065;T0066;T0067;T0068;T0069;T0070;T0071;T0073;T0074;T0075;T0076;T0077;T0078;T0079;T0080;T0081;T0082;T0083;T0084;T0085;T0087;T0088;T0089;T0090;T0091;T0092;T0093;T0094;T0095;T0096;T0097;T0098;T0099;T0100;T0101;T0102;T0103;T0104;T0105;T0106;T0107;T0108;T0109;T0110;T0111;T0112;T0113;T0114;T0115;T0116;T0117;T0118;T0119;T0120;T0121;T0122;T0123;T0124;T0125;T0126;T0127;T0128;T0129;T0130;T0131;T0133;T0134;T0135;T0136;T0137;T0138;T0139;T0140;T0141;T0142;T0143;T0144;T0145;T0146;T0147;T0148;T0149;T0150;T0151;T0152;T0153;T0154;T0155;T0156;T0157;T0158;T0159;T0160
40,0,T0037;T0038;T0039;T0040;T0041;T0042;T0043;T0044;T0045;T0046;T0047;T0048;T0049;T0050;T0051;T0052;T0053;T0054;T0055;T0056;T0057;T0058;T0059;T0060;T0061;T0062;T0063;T0064;T0065;T0066;T0067;T0068;T0069;T0070;T0071;T0073;T0074;T0075;T0076;T0077;T0078;T0079;T0080;T0081;T0082;T0083;T0084;T0085;T0087;T0088;T0089;T0090;T0091;T0092;T0093;T0094;T0095;T0096;T0097;T0098;T0099;T0100;T0101;T0102;T0103;T0104;T0105;T0106;T0107;T0108;T0109;T0110;T0111;T0112;T0113;T0114;T0115;T0116;T0117;T0118;T0119;T0120;T0121;T0122;T0123;T0124;T0125;T0126;T0127;T0128;T0129;T0130;T0131;T0133;T0134;T0135;T0136;T0137;T0138;T0139;T0140;T0141;T0142;T0143;T0144;T0145;T0146;T0147;T0148;T0149;T0150;T0151;T0152;T0153;T0154;T0155;T0156;T0157;T0158;T0159;T0160
41,0,T0038;T0039;T0040;T0041;T0042;T0043;T0044;T0045;T0046;T0047;T0048;T0049;T0050;T0051;T0052;T0053;T0054;T0055;T0056;T0057;T0058;T0059;T0060;T0061;T0062;T0063;T0064;T0065;T0066;T0067;T0068;T0069;T0070;T0071;T0073;T0074;T0075;T0076;T0077;T0078;T0079;T0080;T0081;T0082;T0083;T0084;T0085;T0087;T0088;T0089;T0090;T0091;T0092;T0093;T0094;T0095;T0096;T0097;T0098;T0099;T0100;T0101;T0102;T0103;T0104;T0105;T0106;T0107;T0108;T0109;T0110;T0111;T0112;T0113;T0114;T0115;T0116;T0117;T0118;T0119;T0120;T0121;T0122;T0123;T0124;T0125;T0126;T0127;T0128;T0129;T0130;T0131;T0133;T0134;T0135;T0136;T0137;T0138;T0139;T0140;T0141;T0142;T0143;T0144;T0145;T0146;T0147;T0148;T0149;T0150;T0151;T0152;T0153;T0154;T0155;T0156;T0157;T0158;T0159;T0160
42,0,T0039;T0040;T0041;T0042;T0043;T0044;T0045;T0046;T0047;T0048;T0049;T0050;T0051;T0052;T0053;T0054;T0055;T0056;T0057;T0058;T0059;T0060;T0061;T0062;T0063;T0064;T0065;T0066;T0067;T0068;T0069;T0070;T0071;T0073;T0074;T0075;T0076;T0077;T0078;T0079;T0080;T0081;T0082;T0083;T0084;T0085;T0087;T0088;T0089;T0090;T0091;T0092;T0093;T0094;T0095;T0096;T0097;T0098;T0099;T0100;T0101;T0102;T0103;T0104;T0105;T0106;T0107;T0108;T0109;T0110;T0111;T0112;T0113;T0114;T0115;T0116;T0117;T0118;T0119;T0120;T0121;T0122;T0123;T0124;T0125;T0126;T0127;T0128;T0129;T0130;T0131;T0133;T0134;T0135;T0136;T0137;T0138;T0139;T0140;T0141;T0142;T0143;T0144;T0145;T0146;T0147;T0148;T0149;T0150;T0151;T0152;T0153;T0154;T0155;T0156;T0157;T0158;T0159;T0160
43,0,T0040;T0041;T0042;T0043;T0044;T0045;T0046;T0047;T0048;T0049;T0050;T0051;T0052;T0053;T0054;T0055;T0056;T0057;T0058;T0059;T0060;T0061;T0062;T0063;T0064;T0065;T0066;T0067;T0068;T0069;T0070;T0071;T0073;T0074;T0075;T0076;T0077;T0078;T0079;T0080;T0081;T0082;T0083;T0084;T0085;T0087;T0088;T0089;T0090;T0091;T0092;T0093;T0094;T0095;T0096;T0097;T0098;T0099;T0100;T0101;T0102;T0103;T0104;T0105;T0106;T0107;T0108;T0109;T0110;T0111;T0112;T0113;T0114;T0115;T0116;T0117;T0118;T0119;T0120;T0121;T0122;T0123;T0124;T0125;T0126;T0127;T0128;T0129;T0130;T0131;T0133;T0134;T0135;T0136;T0137;T0138;T0139;T0140;T0141;T0142;T0143;T0144;T0145;T0146;T0147;T0148;T0149;T0150;T0151;T0152;T0153;T0154;T0155;T0156;T0157;T0158;T0159;T0160
44,0,T0041;T0042;T0043;T0044;T0045;T0046;T0047;T0048;T0049;T0050;T0051;T0052;T0053;T0054;T0055;T0056;T0057;T0058;T0059;T0060;T0061;T0062;T0063;T0064;T0065;T0066;T0067;T0068;T0069;T0070;T0071;T0073;T0074;T0075;T0076;T0077;T0078;T0079;T0080;T0081;T0082;T0083;T0084;T0085;T0087;T0088;T0089;T0090;T0091;T0092;T0093;T0094;T0095;T0096;T0097;T0098;T0099;T0100;T0101;T0102;T0103;T0104;T0105;T0106;T0107;T0108;T0109;T0110;T0111;T0112;T0113;T0114;T0115;T0116;T0117;T0118;T0119;T0120;T0121;T0122;T0123;T0124;T0125;T0126;T0127;T0128;T0129;T0130;T0131;T0133;T0134;T0135;T0136;T0137;T0138;T0139;T0140;T0141;T0142;T0143;T0144;T0145;T0146;T0147;T0148;T0149;T0150;T0151;T0152;T0153;T0154;T0155;T0156;T0157;T0158;T0159;T0160
45,0,T0042;T0043;T0044;T0045;T0046;T0047;T0048;T0049;T0050;T0051;T0052;T0053;T0054;T0055;T0056;T0057;T0058;T0059;T0060;T0061;T0062;T0063;T0064;T0065;T0066;T0067;T0068;T0069;T0070;T0071;T0073;T0074;T0075;T0076;T0077;T0078;T0079;T0080;T0081;T0082;T0083;T0084;T0085;T0087;T0088;T0089;T0090;T0091;T0092;T0093;T0094;T0095;T0096;T0097;T0098;T0099;T0100;T0101;T0102;T0103;T0104;T0105;T0106;T0107;T0108;T0109;T0110;T0111;T0112;T0113;T0114;T0115;T0116;T0117;T0118;T0119;T0120;T0121;T0122;T0123;T0124;T0125;T0126;T0127;T0128;T0129;T0130;T0131;T0133;T0134;T0135;T0136;T0137;T0138;T0139;T0140;T0141;T0142;T0143;T0144;T0145;T0146;T0147;T0148;T0149;T0150;T0151;T0152;T0153;T0154;T0155;T0156;T0157;T0158;T0159;T0160
46,0,T0043;T0044;T0045;T0046;T0047;T0048;T0049;T0050;T0051;T0052;T0053;T0054;T0055;T0056;T0057;T0058;T0059;T0060;T0061;T0062;T0063;T0064;T0065;T0066;T0067;T0068;T0069;T0070;T0071;T0073;T0074;T0075;T0076;T0077;T0078;T0079;T0080;T0081;T0082;T0083;T0084;T0085;T0087;T0088;T0089;T0090;T0091;T0092;T0093;T0094;T0095;T0096;T0097;T0098;T0099;T0100;T0101;T0102;T0103;T0104;T0105;T0106;T0107;T0108;T0109;T0110;T0111;T0112;T0113;T0114;T0115;T0116;T0117;T0118;T0119;T0120;T0121;T0122;T0123;T0124;T0125;T0126;T0127;T0128;T0129;T0130;T0131;T0133;T0134;T0135;T0136;T0137;T0138;T0139;T0140;T0141;T0142;T0143;T0144;T0145;T0146;T0147;T0148;T0149;T0150;T0151;T0152;T0153;T0154;T0155;T0156;T0157;T0158;T0159;T0160
47,0,T0044;T0045;T0046;T0047;T0048;T0049;T0050;T0051;T0052;T0053;T0054;T0055;T0056;T0057;T0058;T0059;T0060;T0061;T0062;T0063;T0064;T0065;T0066;T0067;T0068;T0069;T0070;T0071;T0073;T0074;T0075;T0076;T0077;T0078;T0079;T0080;T0081;T0082;T0083;T0084;T0085;T0087;T0088;T0089;T0090;T0091;T0092;T0093;T0094;T0095;T0096;T0097;T0098;T0099;T0100;T0101;T0102;T0103;T0104;T0105;T0106;T0107;T0108;T0109;T0110;T0111;T0112;T0113;T0114;T0115;T0116;T0117;T0118;T0119;T0120;T0121;T0122;T0123;T0124;T0125;T0126;T0127;T0128;T0129;T0130;T0131;T0133;T0134;T0135;T0136;T0137;T0138;T0139;T0140;T0141;T0142;T0143;T0144;T0145;T0146;T0147;T0148;T0149;T0150;T0151;T0152;T0153;T0154;T0155;T0156;T0157;T0158;T0159;T0160
48,0,T0045;T0046;T0047;T0048;T0049;T0050;T0051;T0052;T0053;T0054;T0055;T0056;T0057;T0058;T0059;T0060;T0061;T0062;T0063;T0064;T0065;T0066;T0067;T0068;T0069;T0070;T0071;T0073;T0074;T0075;T0076;T0077;T0078;T0079;T0080;T0081;T0082;T0083;T0084;T0085;T0087;T0088;T0089;T0090;T0091;T0092;T0093;T0094;T0095;T0096;T0097;T0098;T0099;T0100;T0101;T0102;T0103;T0104;T0105;T0106;T0107;T0108;T0109;T0110;T0111;T0112;T0113;T0114;T0115;T0116;T0117;T0118;T0119;T0120;T0121;T0122;T0123;T0124;T0125;T0126;T0127;T0128;T0129;T0130;T0131;T0133;T0134;T0135;T0136;T0137;T0138;T0139;T0140;T0141;T0142;T0143;T0144;T0145;T0146;T0147;T0148;T0149;T0150;T0151;T0152;T0153;T0154;T0155;T0156;T0157;T0158;T0159;T0160
49,0,T0046;T0047;T0048;T0049;T0050;T0051;T0052;T0053;T0054;T0055;T0056;T0057;T0058;T0059;T0060;T0061;T0062;T0063;T0064;T0065;T0066;T0067;T0068;T0069;T0070;T0071;T0073;T0074;T0075;T0076;T0077;T0078;T0079;T0080;T0081;T0082;T0083;T0084;T0085;T0087;T0088;T0089;T0090;T0091;T0092;T0093;T0094;T0095;T0096;T0097;T0098;T0099;T0100;T0101;T0102;T0103;T0104;T0105;T0106;T0107;T0108;T0109;T0110;T0111;T0112;T0113;T0114;T0115;T0116;T0117;T0118;T0119;T0120;T0121;T0122;T0123;T0124;T0125;T0126;T0127;T0128;T0129;T0130;T0131;T0133;T0134;T0135;T0136;T0137;T0138;T0139;T0140;T0141;T0142;T0143;T0144;T0145;T0146;T0147;T0148;T0149;T0150;T0151;T0152;T0153;T0154;T0155;T0156;T0157;T0158;T0159;T0160
50,0,T0047;T0048;T0049;T0050;T0051;T0052;T0053;T0054;T0055;T0056;T0057;T0058;T0059;T0060;T0061;T0062;T0063;T0064;T0065;T0066;T0067;T0068;T0069;T0070;T0071;T0073;T0074;T0075;T0076;T0077;T0078;T0079;T0080;T0081;T0082;T0083;T0084;T0085;T0087;T0088;T0089;T0090;T0091;T0092;T0093;T0094;T0095;T0096;T0097;T0098;T0099;T0100;T0101;T0102;T0103;T0104;T0105;T0106;T0107;T0108;T0109;T0110;T0111;T0112;T0113;T0114;T0115;T0116;T0117;T0118;T0119;T0120;T0121;T0122;T0123;T0124;T0125;T0126;T0127;T0128;T0129;T0130;T0131;T0133;T0134;T0135;T0136;T0137;T0138;T0139;T0140;T0141;T0142;T0143;T0144;T0145;T0146;T0147;T0148;T0149;T0150;T0151;T0152;T0153;T0154;T0155;T0156;T0157;T0158;T0159;T0160
51,0,T0048;T0049;T0050;T0051;T0052;T0053;T0054;T0055;T0056;T0057;T0058;T0059;T0060;T0061;T0062;T0063;T0064;T0065;T0066;T0067;T0068;T0069;T0070;T0071;T0073;T0074;T0075;T0076;T0077;T0078;T0079;T0080;T0081;T0082;T0083;T0084;T0085;T0087;T0088;T0089;T0090;T0091;T0092;T0093;T0094;T0095;T0096;T0097;T0098;T0099;T0100;T0101;T0102;T0103;T0104;T0105;T0106;T0107;T0108;T0109;T0110;T0111;T0112;T0113;T0114;T0115;T0116;T0117;T0118;T0119;T0120;T0121;T0122;T0123;T0124;T0125;T0126;T0127;T0128;T0129;T0130;T0131;T0133;T0134;T0135;T0136;T0137;T0138;T0139;T0140;T0141;T0142;T0143;T0144;T0145;T0146;T0147;T0148;T0149;T0150;T0151;T0152;T0153;T0154;T0155;T0156;T0157;T0158;T0159;T0160
52,0,T0049;T0050;T0051;T0052;T0053;T0054;T0055;T0056;T0057;T0058;T0059;T0060;T0061;T0062;T0063;T0064;T0065;T0066;T0067;T0068;T0069;T0070;T0071;T0073;T0074;T0075;T0076;T0077;T0078;T0079;T0080;T0081;T0082;T0083;T0084;T0085;T0087;T0088;T0089;T0090;T0091;T0092;T0093;T0094;T0095;T0096;T0097;T0098;T0099;T0100;T0101;T0102;T0103;T0104;T0105;T0106;T0107;T0108;T0109;T0110;T0111;T0112;T0113;T0114;T0115;T0116;T0117;T0118;T0119;T0120;T0121;T0122;T0123;T0124;T0125;T0126;T0127;T0128;T0129;T0130;T0131;T0133;T0134;T0135;T0136;T0137;T0138;T0139;T0140;T0141;T0142;T0143;T0144;T0145;T0146;T0147;T0148;T0149;T0150;T0151;T0152;T0153;T0154;T0155;T0156;T0157;T0158;T0159;T0160
53,0,T0050;T0051;T0052;T0053;T0054;T0055;T0056;T0057;T0058;T0059;T0060;T0061;T0062;T0063;T0064;T0065;T0066;T0067;T0068;T0069;T0070;T0071;T0073;T0074;T0075;T0076;T0077;T0078;T0079;T0080;T0081;T0082;T0083;T0084;T0085;T0087;T0088;T0089;T0090;T0091;T0092;T0093;T0094;T0095;T0096;T0097;T0098;T0099;T0100;T0101;T0102;T0103;T0104;T0105;T0106;T0107;T0108;T0109;T0110;T0111;T0112;T0113;T0114;T0115;T0116;T0117;T0118;T0119;T0120;T0121;T0122;T0123;T0124;T0125;T0126;T0127;T0128;T0129;T0130;T0131;T0133;T0134;T0135;T0136;T0137;T0138;T0139;T0140;T0141;T0142;T0143;T0144;T0145;T0146;T0147;T0148;T0149;T0150;T0151;T0152;T0153;T0154;T0155;T0156;T0157;T0158;T0159;T0160
54,0,T0051;T0052;T0053;T0054;T0055;T0056;T0057;T0058;T0059;T0060;T0061;T0062;T0063;T0064;T0065;T0066;T0067;T0068;T0069;T0070;T0071;T0073;T0074;T0075;T0076;T0077;T0078;T0079;T0080;T0081;T0082;T0083;T0084;T0085;T0087;T0088;T0089;T0090;T0091;T0092;T0093;T0094;T0095;T0096;T0097;T0098;T0099;T0100;T0101;T0102;T0103;T0104;T0105;T0106;T0107;T0108;T0109;T0110;T0111;T0112;T0113;T0114;T0115;T0116;T0117;T0118;T0119;T0120;T0121;T0122;T0123;T0124;T0125;T0126;T0127;T0128;T0129;T0130;T0131;T0133;T0134;T0135;T0136;T0137;T0138;T0139;T0140;T0141;T0142;T0143;T0144;T0145;T0146;T0147;T0148;T0149;T0150;T0151;T0152;T0153;T0154;T0155;T0156;T0157;T0158;T0159;T0160
55,0,T0052;T0053;T0054;T0055;T0056;T0057;T0058;T0059;T0060;T0061;T0062;T0063;T0064;T0065;T0066;T0067;T0068;T0069;T0070;T0071;T0073;T0074;T0075;T0076;T0077;T0078;T0079;T0080;T0081;T0082;T0083;T0084;T0085;T0087;T0088;T0089;T0090;T0091;T0092;T0093;T0094;T0095;T0096;T0097;T0098;T0099;T0100;T0101;T0102;T0103;T0104;T0105;T0106;T0107;T0108;T0109;T0110;T0111;T0112;T0113;T0114;T0115;T0116;T0117;T0118;T0119;T0120;T0121;T0122;T0123;T0124;T0125;T0126;T0127;T0128;T0129;T0130;T0131;T0133;T0134;T0135;T0136;T0137;T0138;T0139;T0140;T0141;T0142;T0143;T0144;T0145;T0146;T0147;T0148;T0149;T0150;T0151;T0152;T0153;T0154;T0155;T0156;T0157;T0158;T0159;T0160
56,0,T0053;T0054;T0055;T0056;T0057;T0058;T0059;T0060;T0061;T0062;T0063;T0064;T0065;T0066;T0067;T0068;T0069;T0070;T0071;T0073;T0074;T0075;T0076;T0077;T0078;T0079;T0080;T0081;T0082;T0083;T0084;T0085;T0087;T0088;T0089;T0090;T0091;T0092;T0093;T0094;T0095;T0096;T0097;T0098;T0099;T0100;T0101;T0102;T0103;T0104;T0105;T0106;T0107;T0108;T0109;T0110;T0111;T0112;T0113;T0114;T0115;T0116;T0117;T0118;T0119;T0120;T0121;T0122;T0123;T0124;T0125;T0126;T0127;T0128;T0129;T0130;T0131;T0133;T0134;T0135;T0136;T0137;T0138;T0139;T0140;T0141;T0142;T0143;T0144;T0145;T0146;T0147;T0148;T0149;T0150;T0151;T0152;T0153;T0154;T0155;T0156;T0157;T0158;T0159;T0160
57,0,T0054;T0055;T0056;T0057;T0058;T0059;T0060;T0061;T0062;T0063;T0064;T0065;T0066;T0067;T0068;T0069;T0070;T0071;T0073;T0074;T0075;T0076;T0077;T0078;T0079;T0080;T0081;T0082;T0083;T0084;T0085;T0087;T0088;T0089;T0090;T0091;T0092;T0093;T0094;T0095;T0096;T0097;T0098;T0099;T0100;T0101;T0102;T0103;T0104;T0105;T0106;T0107;T0108;T0109;T0110;T0111;T0112;T0113;T0114;T0115;T0116;T0117;T0118;T0119;T0120;T0121;T0122;T0123;T0124;T0125;T0126;T0127;T0128;T0129;T0130;T0131;T0133;T0134;T0135;T0136;T0137;T0138;T0139;T0140;T0141;T0142;T0143;T0144;T0145;T0146;T0147;T0148;T0149;T0150;T0151;T0152;T0153;T0154;T0155;T0156;T0157;T0158;T0159;T0160
58,0,T0055;T0056;T0057;T0058;T0059;T0060;T0061;T0062;T0063;T0064;T0065;T0066;T0067;T0068;T0069;T0070;T0071;T0073;T0074;T0075;T0076;T0077;T0078;T0079;T0080;T0081;T0082;T0083;T0084;T0085;T0087;T0088;T0089;T0090;T0091;T0092;T0093;T0094;T0095;T0096;T0097;T0098;T0099;T0100;T0101;T0102;T0103;T0104;T0105;T0106;T0107;T0108;T0109;T0110;T0111;T0112;T0113;T0114;T0115;T0116;T0117;T0118;T0119;T0120;T0121;T0122;T0123;T0124;T0125;T0126;T0127;T0128;T0129;T0130;T0131;T0133;T0134;T0135;T0136;T0137;T0138;T0139;T0140;T0141;T0142;T0143;T0144;T0145;T0146;T0147;T0148;T0149;T0150;T0151;T0152;T0153;T0154;T0155;T0156;T0157;T0158;T0159;T0160
59,0,T0056;T0057;T0058;T0059;T0060;T0061;T0062;T0063;T0064;T0065;T0066;T0067;T0068;T0069;T0070;T0071;T0073;T0074;T0075;T0076;T0077;T0078;T0079;T0080;T0081;T0082;T0083;T0084;T0085;T0087;T0088;T0089;T0090;T0091;T0092;T0093;T0094;T0095;T0096;T0097;T0098;T0099;T0100;T0101;T0102;T0103;T0104;T0105;T0106;T0107;T0108;T0109;T0110;T0111;T0112;T0113;T0114;T0115;T0116;T0117;T0118;T0119;T0120;T0121;T0122;T0123;T0124;T0125;T0126;T0127;T0128;T0129;T0130;T0131;T0133;T0134;T0135;T0136;T0137;T0138;T0139;T0140;T0141;T0142;T0143;T0144;T0145;T0146;T0147;T0148;T0149;T0150;T0151;T0152;T0153;T0154;T0155;T0156;T0157;T0158;T0159;T0160
60,0,T0057;T0058;T0059;T0060;T0061;T0062;T0063;T0064;T0065;T0066;T0067;T0068;T0069;T0070;T0071;T0073;T0074;T0075;T0076;T0077;T0078;T0079;T0080;T0081;T0082;T0083;T0084;T0085;T0087;T0088;T0089;T0090;T0091;T0092;T0093;T0094;T0095;T0096;T0097;T0098;T0099;T0100;T0101;T0102;T0103;T0104;T0105;T0106;T0107;T0108;T0109;T0110;T0111;T0112;T0113;T0114;T0115;T0116;T0117;T0118;T0119;T0120;T0121;T0122;T0123;T0124;T0125;T0126;T0127;T0128;T0129;T0130;T0131;T0133;T0134;T0135;T0136;T0137;T0138;T0139;T0140;T0141;T0142;T0143;T0144;T0145;T0146;T0147;T0148;T0149;T0150;T0151;T0152;T0153;T0154;T0155;T0156;T0157;T0158;T0159;T0160
61,0,T0058;T0059;T0060;T0061;T0062;T0063;T0064;T0065;T0066;T0067;T0068;T0069;T0070;T0071;T0073;T0074;T0075;T0076;T0077;T0078;T0079;T0080;T0081;T0082;T0083;T0084;T0085;T0087;T0088;T0089;T0090;T0091;T0092;T0093;T0094;T0095;T0096;T0097;T0098;T0099;T0100;T0101;T0102;T0103;T0104;T0105;T0106;T0107;T0108;T0109;T0110;T0111;T0112;T0113;T0114;T0115;T0116;T0117;T0118;T0119;T0120;T0121;T0122;T0123;T0124;T0125;T0126;T0127;T0128;T0129;T0130;T0131;T0133;T0134;T0135;T0136;T0137;T0138;T0139;T0140;T0141;T0142;T0143;T0144;T0145;T0146;T0147;T0148;T0149;T0150;T0151;T0152;T0153;T0154;T0155;T0156;T0157;T0158;T0159;T0160
62,0,T0059;T0060;T0061;T0062;T0063;T0064;T0065;T0066;T0067;T0068;T0069;T0070;T0071;T0073;T0074;T0075;T0076;T0077;T0078;T0079;T0080;T0081;T0082;T0083;T0084;T0085;T0087;T0088;T0089;T0090;T0091;T0092;T0093;T0094;T0095;T0096;T0097;T0098;T0099;T0100;T0101;T0102;T0103;T0104;T0105;T0106;T0107;T0108;T0109;T0110;T0111;T0112;T0113;T0114;T0115;T0116;T0117;T0118;T0119;T0120;T0121;T0122;T0123;T0124;T0125;T0126;T0127;T0128;T0129;T0130;T0131;T0133;T0134;T0135;T0136;T0137;T0138;T0139;T0140;T0141;T0142;T0143;T0144;T0145;T0146;T0147;T0148;T0149;T0150;T0151;T0152;T0153;T0154;T0155;T0156;T0157;T0158;T0159;T0160
63,0,T0060;T0061;T0062;T0063;T0064;T0065;T0066;T0067;T0068;T0069;T0070;T0071;T0073;T0074;T0075;T0076;T0077;T0078;T0079;T0080;T0081;T0082;T0083;T0084;T0085;T0087;T0088;T0089;T0090;T0091;T0092;T0093;T0094;T0095;T0096;T0097;T0098;T0099;T0100;T0101;T0102;T0103;T0104;T0105;T0106;T0107;T0108;T0109;T0110;T0111;T0112;T0113;T0114;T0115;T0116;T0117;T0118;T0119;T0120;T0121;T0122;T0123;T0124;T0125;T0126;T0127;T0128;T0129;T0130;T0131;T0133;T0134;T0135;T0136;T0137;T0138;T0139;T0140;T0141;T0142;T0143;T0144;T0145;T0146;T0147;T0148;T0149;T0150;T0151;T0152;T0153;T0154;T0155;T0156;T0157;T0158;T0159;T0160
64,0,T0061;T0062;T0063;T0064;T0065;T0066;T0067;T0068;T0069;T0070;T0071;T0073;T0074;T0075;T0076;T0077;T0078;T0079;T0080;T0081;T0082;T0083;T0084;T0085;T0087;T0088;T0089;T0090;T0091;T0092;T0093;T0094;T0095;T0096;T0097;T0098;T0099;T0100;T0101;T0102;T0103;T0104;T0105;T0106;T0107;T0108;T0109;T0110;T0111;T0112;T0113;T0114;T0115;T0116;T0117;T0118;T0119;T0120;T0121;T0122;T0123;T0124;T0125;T0126;T0127;T0128;T0129;T0130;T0131;T0133;T0134;T0135;T0136;T0137;T0138;T0139;T0140;T0141;T0142;T0143;T0144;T0145;T0146;T0147;T0148;T0149;T0150;T0151;T0152;T0153;T0154;T0155;T0156;T0157;T0158;T0159;T0160
65,0,T0062;T0063;T0064;T0065;T0066;T0067;T0068;T0069;T0070;T0071;T0073;T0074;T0075;T0076;T0077;T0078;T0079;T0080;T0081;T0082;T0083;T0084;T0085;T0087;T0088;T0089;T0090;T0091;T0092;T0093;T0094;T0095;T0096;T0097;T0098;T0099;T0100;T0101;T0102;T0103;T0104;T0105;T0106;T0107;T0108;T0109;T0110;T0111;T0112;T0113;T0114;T0115;T0116;T0117;T0118;T0119;T0120;T0121;T0122;T0123;T0124;T0125;T0126;T0127;T0128;T0129;T0130;T0131;T0133;T0134;T0135;T0136;T0137;T0138;T0139;T0140;T0141;T0142;T0143;T0144;T0145;T0146;T0147;T0148;T0149;T0150;T0151;T0152;T0153;T0154;T0155;T0156;T0157;T0158;T0159;T0160
66,0,T0063;T0064;T0065;T0066;T0067;T0068;T0069;T0070;T0071;T0073;T0074;T0075;T0076;T0077;T0078;T0079;T0080;T0081;T0082;T0083;T0084;T0085;T0087;T0088;T0089;T0090;T0091;T0092;T0093;T0094;T0095;T0096;T0097;T0098;T0099;T0100;T0101;T0102;T0103;T0104;T0105;T0106;T0107;T0108;T0109;T0110;T0111;T0112;T0113;T0114;T0115;T0116;T0117;T0118;T0119;T0120;T0121;T0122;T0123;T0124;T0125;T0126;T0127;T0128;T0129;T0130;T0131;T0133;T0134;T0135;T0136;T0137;T0138;T0139;T0140;T0141;T0142;T0143;T0144;T0145;T0146;T0147;T0148;T0149;T0150;T0151;T0152;T0153;T0154;T0155;T0156;T0157;T0158;T0159;T0160
67,0,T0064;T0065;T0066;T0067;T0068;T0069;T0070;T0071;T0073;T0074;T0075;T0076;T0077;T0078;T0079;T0080;T0081;T0082;T0083;T0084;T0085;T0087;T0088;T0089;T0090;T0091;T0092;T0093;T0094;T0095;T0096;T0097;T0098;T0099;T0100;T0101;T0102;T0103;T0104;T0105;T0106;T0107;T0108;T0109;T0110;T0111;T0112;T0113;T0114;T0115;T0116;T0117;T0118;T0119;T0120;T0121;T0122;T0123;T0124;T0125;T0126;T0127;T0128;T0129;T0130;T0131;T0133;T0134;T0135;T0136;T0137;T0138;T0139;T0140;T0141;T0142;T0143;T0144;T0145;T0146;T0147;T0148;T0149;T0150;T0151;T0152;T0153;T0154;T0155;T0156;T0157;T0158;T0159;T0160
68,0,T0065;T0066;T0067;T0068;T0069;T0070;T0071;T0073;T0074;T0075;T0076;T0077;T0078;T0079;T0080;T0081;T0082;T0083;T0084;T0085;T0087;T0088;T0089;T0090;T0091;T0092;T0093;T0094;T0095;T0096;T0097;T0098;T0099;T0100;T0101;T0102;T0103;T0104;T0105;T0106;T0107;T0108;T0109;T0110;T0111;T0112;T0113;T0114;T0115;T0116;T0117;T0118;T0119;T0120;T0121;T0122;T0123;T0124;T0125;T0126;T0127;T0128;T0129;T0130;T0131;T0133;T0134;T0135;T0136;T0137;T0138;T0139;T0140;T0141;T0142;T0143;T0144;T0145;T0146;T0147;T0148;T0149;T0150;T0151;T0152;T0153;T0154;T0155;T0156;T0157;T0158;T0159;T0160
69,0,T0066;T0067;T0068;T0069;T0070;T0071;T0073;T0074;T0075;T0076;T0077;T0078;T0079;T0080;T0081;T0082;T0083;T0084;T0085;T0087;T0088;T0089;T0090;T0091;T0092;T0093;T0094;T0095;T0096;T0097;T0098;T0099;T0100;T0101;T0102;T0103;T0104;T0105;T0106;T0107;T0108;T0109;T0110;T0111;T0112;T0113;T0114;T0115;T0116;T0117;T0118;T0119;T0120;T0121;T0122;T0123;T0124;T0125;T0126;T0127;T0128;T0129;T0130;T0131;T0133;T0134;T0135;T0136;T0137;T0138;T0139;T0140;T0141;T0142;T0143;T0144;T0145;T0146;T0147;T0148;T0149;T0150;T0151;T0152;T0153;T0154;T0155;T0156;T0157;T0158;T0159;T0160
70,0,T0067;T0068;T0069;T0070;T0071;T0073;T0074;T0075;T0076;T0077;T0078;T0079;T0080;T0081;T0082;T0083;T0084;T0085;T0087;T0088;T0089;T0090;T0091;T0092;T0093;T0094;T0095;T0096;T0097;T0098;T0099;T0100;T0101;T0102;T0103;T0104;T0105;T0106;T0107;T0108;T0109;T0110;T0111;T0112;T0113;T0114;T0115;T0116;T0117;T0118;T0119;T0120;T0121;T0122;T0123;T0124;T0125;T0126;T0127;T0128;T0129;T0130;T0131;T0133;T0134;T0135;T0136;T0137;T0138;T0139;T0140;T0141;T0142;T0143;T0144;T0145;T0146;T0147;T0148;T0149;T0150;T0151;T0152;T0153;T0154;T0155;T0156;T0157;T0158;T0159;T0160
71,0,T0068;T0069;T0070;T0071;T0073;T0074;T0075;T0076;T0077;T0078;T0079;T0080;T0081;T0082;T0083;T0084;T0085;T0087;T0088;T0089;T0090;T0091;T0092;T0093;T0094;T0095;T0096;T0097;T0098;T0099;T0100;T0101;T0102;T0103;T0104;T0105;T0106;T0107;T0108;T0109;T0110;T0111;T0112;T0113;T0114;T0115;T0116;T0117;T0118;T0119;T0120;T0121;T0122;T0123;T0124;T0125;T0126;T0127;T0128;T0129;T0130;T0131;T0133;T0134;T0135;T0136;T0137;T0138;T0139;T0140;T0141;T0142;T0143;T0144;T0145;T0146;T0147;T0148;T0149;T0150;T0151;T0152;T0153;T0154;T0155;T0156;T0157;T0158;T0159;T0160
72,0,T0069;T0070;T0071;T0073;T0074;T0075;T0076;T0077;T0078;T0079;T0080;T0081;T0082;T0083;T0084;T0085;T0087;T0088;T0089;T0090;T0091;T0092;T0093;T0094;T0095;T0096;T0097;T0098;T0099;T0100;T0101;T0102;T0103;T0104;T0105;T0106;T0107;T0108;T0109;T0110;T0111;T0112;T0113;T0114;T0115;T0116;T0117;T0118;T0119;T0120;T0121;T0122;T0123;T0124;T0125;T0126;T0127;T0128;T0129;T0130;T0131;T0133;T0134;T0135;T0136;T0137;T0138;T0139;T0140;T0141;T0142;T0143;T0144;T0145;T0146;T0147;T0148;T0149;T0150;T0151;T0152;T0153;T0154;T0155;T0156;T0157;T0158;T0159;T0160
73,0,T0070;T0071;T0073;T0074;T0075;T0076;T0077;T0078;T0079;T0080;T0081;T0082;T0083;T0084;T0085;T0087;T0088;T0089;T0090;T0091;T0092;T0093;T0094;T0095;T0096;T0097;T0098;T0099;T0100;T0101;T0102;T0103;T0104;T0105;T0106;T0107;T0108;T0109;T0110;T0111;T0112;T0113;T0114;T0115;T0116;T0117;T0118;T0119;T0120;T0121;T0122;T0123;T0124;T0125;T0126;T0127;T0128;T0129;T0130;T0131;T0133;T0134;T0135;T0136;T0137;T0138;T0139;T0140;T0141;T0142;T0143;T0144;T0145;T0146;T0147;T0148;T0149;T0150;T0151;T0152;T0153;T0154;T0155;T0156;T0157;T0158;T0159;T0160
74,0,T0071;T0073;T0074;T0075;T0076;T0077;T0078;T0079;T0080;T0081;T0082;T0083;T0084;T0085;T0087;T0088;T0089;T0090;T0091;T0092;T0093;T0094;T0095;T0096;T0097;T0098;T0099;T0100;T0101;T0102;T0103;T0104;T0105;T0106;T0107;T0108;T0109;T0110;T0111;T0112;T0113;T0114;T0115;T0116;T0117;T0118;T0119;T0120;T0121;T0122;T0123;T0124;T0125;T0126;T0127;T0128;T0129;T0130;T0131;T0133;T0134;T0135;T0136;T0137;T0138;T0139;T0140;T0141;T0142;T0143;T0144;T0145;T0146;T0147;T0148;T0149;T0150;T0151;T0152;T0153;T0154;T0155;T0156;T0157;T0158;T0159;T0160
75,0,T0073;T0074;T0075;T0076;T0077;T0078;T0079;T0080;T0081;T0082;T0083;T0084;T0085;T0087;T0088;T0089;T0090;T0091;T0092;T0093;T0094;T0095;T0096;T0097;T0098;T0099;T0100;T0101;T0102;T0103;T0104;T0105;T0106;T0107;T0108;T0109;T0110;T0111;T0112;T0113;T0114;T0115;T0116;T0117;T0118;T0119;T0120;T0121;T0122;T0123;T0124;T0125;T0126;T0127;T0128;T0129;T0130;T0131;T0133;T0134;T0135;T0136;T0137;T0138;T0139;T0140;T0141;T0142;T0143;T0144;T0145;T0146;T0147;T0148;T0149;T0150;T0151;T0152;T0153;T0154;T0155;T0156;T0157;T0158;T0159;T0160
76,0,T0074;T0075;T0076;T0077;T0078;T0079;T0080;T0081;T0082;T0083;T0084;T0085;T0087;T0088;T0089;T0090;T0091;T0092;T0093;T0094;T0095;T0096;T0097;T0098;T0099;T0100;T0101;T0102;T0103;T0104;T0105;T0106;T0107;T0108;T0109;T0110;T0111;T0112;T0113;T0114;T0115;T0116;T0117;T0118;T0119;T0120;T0121;T0122;T0123;T0124;T0125;T0126;T0127;T0128;T0129;T0130;T0131;T0133;T0134;T0135;T0136;T0137;T0138;T0139;T0140;T0141;T0142;T0143;T0144;T0145;T0146;T0147;T0148;T0149;T0150;T0151;T0152;T0153;T0154;T0155;T0156;T0157;T0158;T0159;T0160
77,0,T0075;T0076;T0077;T0078;T0079;T0080;T0081;T0082;T0083;T0084;T0085;T0087;T0088;T0089;T0090;T0091;T0092;T0093;T0094;T0095;T0096;T0097;T0098;T0099;T0100;T0101;T0102;T0103;T0104;T0105;T0106;T0107;T0108;T0109;T0110;T0111;T0112;T0113;T0114;T0115;T0116;T0117;T0118;T0119;T0120;T0121;T0122;T0123;T0124;T0125;T0126;T0127;T0128;T0129;T0130;T0131;T0133;T0134;T0135;T0136;T0137;T0138;T0139;T0140;T0141;T0142;T0143;T0144;T0145;T0146;T0147;T0148;T0149;T0150;T0151;T0152;T0153;T0154;T0155;T0156;T0157;T0158;T0159;T0160
78,0,T0076;T0077;T0078;T0079;T0080;T0081;T0082;T0083;T0084;T0085;T0087;T0088;T0089;T0090;T0091;T0092;T0093;T0094;T0095;T0096;T0097;T0098;T0099;T0100;T0101;T0102;T0103;T0104;T0105;T0106;T0107;T0108;T0109;T0110;T0111;T0112;T0113;T0114;T0115;T0116;T0117;T0118;T0119;T0120;T0121;T0122;T0123;T0124;T0125;T0126;T0127;T0128;T0129;T0130;T0131;T0133;T0134;T0135;T0136;T0137;T0138;T0139;T0140;T0141;T0142;T0143;T0144;T0145;T0146;T0147;T0148;T0149;T0150;T0151;T0152;T0153;T0154;T0155;T0156;T0157;T0158;T0159;T0160
79,0,T0077;T0078;T0079;T0080;T0081;T0082;T0083;T0084;T0085;T0087;T0088;T0089;T0090;T0091;T0092;T0093;T0094;T0095;T0096;T0097;T0098;T0099;T0100;T0101;T0102;T0103;T0104;T0105;T0106;T0107;T0108;T0109;T0110;T0111;T0112;T0113;T0114;T0115;T0116;T0117;T0118;T0119;T0120;T0121;T0122;T0123;T0124;T0125;T0126;T0127;T0128;T0129;T0130;T0131;T0133;T0134;T0135;T0136;T0137;T0138;T0139;T0140;T0141;T0142;T0143;T0144;T0145;T0146;T0147;T0148;T0149;T0150;T0151;T0152;T0153;T0154;T0155;T0156;T0157;T0158;T0159;T0160
80,0,T0078;T0079;T0080;T0081;T0082;T0083;T0084;T0085;T0087;T0088;T0089;T0090;T0091;T0092;T0093;T0094;T0095;T0096;T0097;T0098;T0099;T0100;T0101;T0102;T0103;T0104;T0105;T0106;T0107;T0108;T0109;T0110;T0111;T0112;T0113;T0114;T0115;T0116;T0117;T0118;T0119;T0120;T0121;T0122;T0123;T0124;T0125;T0126;T0127;T0128;T0129;T0130;T0131;T0133;T0134;T0135;T0136;T0137;T0138;T0139;T0140;T0141;T0142;T0143;T0144;T0145;T0146;T0147;T0148;T0149;T0150;T0151;T0152;T0153;T0154;T0155;T0156;T0157;T0158;T0159;T0160
81,0,T0079;T0080;T0081;T0082;T0083;T0084;T0085;T0087;T0088;T0089;T0090;T0091;T0092;T0093;T0094;T0095;T0096;T0097;T0098;T0099;T0100;T0101;T0102;T0103;T0104;T0105;T0106;T0107;T0108;T0109;T0110;T0111;T0112;T0113;T0114;T0115;T0116;T0117;T0118;T0119;T0120;T0121;T0122;T0123;T0124;T0125;T0126;T0127;T0128;T0129;T0130;T0131;T0133;T0134;T0135;T0136;T0137;T0138;T0139;T0140;T0141;T0142;T0143;T0144;T0145;T0146;T0147;T0148;T0149;T0150;T0151;T0152;T0153;T0154;T0155;T0156;T0157;T0158;T0159;T0160
82,0,T0080;T0081;T0082;T0083;T0084;T0085;T0087;T0088;T0089;T0090;T0091;T0092;T0093;T0094;T0095;T0096;T0097;T0098;T0099;T0100;T0101;T0102;T0103;T0104;T0105;T0106;T0107;T0108;T0109;T0110;T0111;T0112;T0113;T0114;T0115;T0116;T0117;T0118;T0119;T0120;T0121;T0122;T0123;T0124;T0125;T0126;T0127;T0128;T0129;T0130;T0131;T0133;T0134;T0135;T0136;T0137;T0138;T0139;T0140;T0141;T0142;T0143;T0144;T0145;T0146;T0147;T0148;T0149;T0150;T0151;T0152;T0153;T0154;T0155;T0156;T0157;T0158;T0159;T0160
83,0,T0081;T0082;T0083;T0084;T0085;T0087;T0088;T0089;T0090;T0091;T0092;T0093;T0094;T0095;T0096;T0097;T0098;T0099;T0100;T0101;T0102;T0103;T0104;T0105;T0106;T0107;T0108;T0109;T0110;T0111;T0112;T0113;T0114;T0115;T0116;T0117;T0118;T0119;T0120;T0121;T0122;T0123;T0124;T0125;T0126;T0127;T0128;T0129;T0130;T0131;T0133;T0134;T0135;T0136;T0137;T0138;T0139;T0140;T0141;T0142;T0143;T0144;T0145;T0146;T0147;T0148;T0149;T0150;T0151;T0152;T0153;T0154;T0155;T0156;T0157;T0158;T0159;T0160
84,0,T0082;T0083;T0084;T0085;T0087;T0088;T0089;T0090;T0091;T0092;T0093;T0094;T0095;T0096;T0097;T0098;T0099;T0100;T0101;T0102;T0103;T0104;T0105;T0106;T0107;T0108;T0109;T0110;T0111;T0112;T0113;T0114;T0115;T0116;T0117;T0118;T0119;T0120;T0121;T0122;T0123;T0124;T0125;T0126;T0127;T0128;T0129;T0130;T0131;T0133;T0134;T0135;T0136;T0137;T0138;T0139;T0140;T0141;T0142;T0143;T0144;T0145;T0146;T0147;T0148;T0149;T0150;T0151;T0152;T0153;T0154;T0155;T0156;T0157;T0158;T0159;T0160
85,0,T0083;T0084;T0085;T0087;T0088;T0089;T0090;T0091;T0092;T0093;T0094;T0095;T0096;T0097;T0098;T0099;T0100;T0101;T0102;T0103;T0104;T0105;T0106;T0107;T0108;T0109;T0110;T0111;T0112;T0113;T0114;T0115;T0116;T0117;T0118;T0119;T0120;T0121;T0122;T0123;T0124;T0125;T0126;T0127;T0128;T0129;T0130;T0131;T0133;T0134;T0135;T0136;T0137;T0138;T0139;T0140;T0141;T0142;T0143;T0144;T0145;T0146;T0147;T0148;T0149;T0150;T0151;T0152;T0153;T0154;T0155;T0156;T0157;T0158;T0159;T0160
86,0,T0084;T0085;T0087;T0088;T0089;T0090;T0091;T0092;T0093;T0094;T0095;T0096;T0097;T0098;T0099;T0100;T0101;T0102;T0103;T0104;T0105;T0106;T0107;T0108;T0109;T0110;T0111;T0112;T0113;T0114;T0115;T0116;T0117;T0118;T0119;T0120;T0121;T0122;T0123;T0124;T0125;T0126;T0127;T0128;T0129;T0130;T0131;T0133;T0134;T0135;T0136;T0137;T0138;T0139;T0140;T0141;T0142;T0143;T0144;T0145;T0146;T0147;T0148;T0149;T0150;T0151;T0152;T0153;T0154;T0155;T0156;T0157;T0158;T0159;T0160
87,0,T0085;T0087;T0088;T0089;T0090;T0091;T0092;T0093;T0094;T0095;T0096;T0097;T0098;T0099;T0100;T0101;T0102;T0103;T0104;T0105;T0106;T0107;T0108;T0109;T0110;T0111;T0112;T0113;T0114;T0115;T0116;T0117;T0118;T0119;T0120;T0121;T0122;T0123;T0124;T0125;T0126;T0127;T0128;T0129;T0130;T0131;T0133;T0134;T0135;T0136;T0137;T0138;T0139;T0140;T0141;T0142;T0143;T0144;T0145;T0146;T0147;T0148;T0149;T0150;T0151;T0152;T0153;T0154;T0155;T0156;T0157;T0158;T0159;T0160
88,0,T0087;T0088;T0089;T0090;T0091;T0092;T0093;T0094;T0095;T0096;T0097;T0098;T0099;T0100;T0101;T0102;T0103;T0104;T0105;T0106;T0107;T0108;T0109;T0110;T0111;T0112;T0113;T0114;T0115;T0116;T0117;T0118;T0119;T0120;T0121;T0122;T0123;T0124;T0125;T0126;T0127;T0128;T0129;T0130;T0131;T0133;T0134;T0135;T0136;T0137;T0138;T0139;T0140;T0141;T0142;T0143;T0144;T0145;T0146;T0147;T0148;T0149;T0150;T0151;T0152;T0153;T0154;T0155;T0156;T0157;T0158;T0159;T0160
89,0,T0088;T0089;T0090;T0091;T0092;T0093;T0094;T0095;T0096;T0097;T0098;T0099;T0100;T0101;T0102;T0103;T0104;T0105;T0106;T0107;T0108;T0109;T0110;T0111;T0112;T0113;T0114;T0115;T0116;T0117;T0118;T0119;T0120;T0121;T0122;T0123;T0124;T0125;T0126;T0127;T0128;T0129;T0130;T0131;T0133;T0134;T0135;T0136;T0137;T0138;T0139;T0140;T0141;T0142;T0143;T0144;T0145;T0146;T0147;T0148;T0149;T0150;T0151;T0152;T0153;T0154;T0155;T0156;T0157;T0158;T0159;T0160
90,0,T0089;T0090;T0091;T0092;T0093;T0094;T0095;T0096;T0097;T0098;T0099;T0100;T0101;T0102;T0103;T0104;T0105;T0106;T0107;T0108;T0109;T0110;T0111;T0112;T0113;T0114;T0115;T0116;T0117;T0118;T0119;T0120;T0121;T0122;T0123;T0124;T0125;T0126;T0127;T0128;T0129;T0130;T0131;T0133;T0134;T0135;T0136;T0137;T0138;T0139;T0140;T0141;T0142;T0143;T0144;T0145;T0146;T0147;T0148;T0149;T0150;T0151;T0152;T0153;T0154;T0155;T0156;T0157;T0158;T0159;T0160
91,0,T0090;T0091;T0092;T0093;T0094;T0095;T0096;T0097;T0098;T0099;T0100;T0101;T0102;T0103;T0104;T0105;T0106;T0107;T0108;T0109;T0110;T0111;T0112;T0113;T0114;T0115;T0116;T0117;T0118;T0119;T0120;T0121;T0122;T0123;T0124;T0125;T0126;T0127;T0128;T0129;T0130;T0131;T0133;T0134;T0135;T0136;T0137;T0138;T0139;T0140;T0141;T0142;T0143;T0144;T0145;T0146;T0147;T0148;T0149;T0150;T0151;T0152;T0153;T0154;T0155;T0156;T0157;T0158;T0159;T0160
92,0,T0091;T0092;T0093;T0094;T0095;T0096;T0097;T0098;T0099;T0100;T0101;T0102;T0103;T0104;T0105;T0106;T0107;T0108;T0109;T0110;T0111;T0112;T0113;T0114;T0115;T0116;T0117;T0118;T0119;T0120;T0121;T0122;T0123;T0124;T0125;T0126;T0127;T0128;T0129;T0130;T0131;T0133;T0134;T0135;T0136;T0137;T0138;T0139;T0140;T0141;T0142;T0143;T0144;T0145;T0146;T0147;T0148;T0149;T0150;T0151;T0152;T0153;T0154;T0155;T0156;T0157;T0158;T0159;T0160
93,0,T0092;T0093;T0094;T0095;T0096;T0097;T0098;T0099;T0100;T0101;T0102;T0103;T0104;T0105;T0106;T0107;T0108;T0109;T0110;T0111;T0112;T0113;T0114;T0115;T0116;T0117;T0118;T0119;T0120;T0121;T0122;T0123;T0124;T0125;T0126;T0127;T0128;T0129;T0130;T0131;T0133;T0134;T0135;T0136;T0137;T0138;T0139;T0140;T0141;T0142;T0143;T0144;T0145;T0146;T0147;T0148;T0149;T0150;T0151;T0152;T0153;T0154;T0155;T0156;T0157;T0158;T0159;T0160
94,0,T0093;T0094;T0095;T0096;T0097;T0098;T0099;T0100;T0101;T0102;T0103;T0104;T0105;T0106;T0107;T0108;T0109;T0110;T0111;T0112;T0113;T0114;T0115;T0116;T0117;T0118;T0119;T0120;T0121;T0122;T0123;T0124;T0125;T0126;T0127;T0128;T0129;T0130;T0131;T0133;T0134;T0135;T0136;T0137;T0138;T0139;T0140;T0141;T0142;T0143;T0144;T0145;T0146;T0147;T0148;T0149;T0150;T0151;T0152;T0153;T0154;T0155;T0156;T0157;T0158;T0159;T0160
95,0,T0094;T0095;T0096;T0097;T0098;T0099;T0100;T0101;T0102;T0103;T0104;T0105;T0106;T0107;T0108;T0109;T0110;T0111;T0112;T0113;T0114;T0115;T0116;T0117;T0118;T0119;T0120;T0121;T0122;T0123;T0124;T0125;T0126;T0127;T0128;T0129;T0130;T0131;T0133;T0134;T0135;T0136;T0137;T0138;T0139;T0140;T0141;T0142;T0143;T0144;T0145;T0146;T0147;T0148;T0149;T0150;T0151;T0152;T0153;T0154;T0155;T0156;T0157;T0158;T0159;T0160
96,0,T0095;T0096;T0097;T0098;T0099;T0100;T0101;T0102;T0103;T0104;T0105;T0106;T0107;T0108;T0109;T0110;T0111;T0112;T0113;T0114;T0115;T0116;T0117;T0118;T0119;T0120;T0121;T0122;T0123;T0124;T0125;T0126;T0127;T0128;T0129;T0130;T0131;T0133;T0134;T0135;T0136;T0137;T0138;T0139;T0140;T0141;T0142;T0143;T0144;T0145;T0146;T0147;T0148;T0149;T0150;T0151;T0152;T0153;T0154;T0155;T0156;T0157;T0158;T0159;T0160
97,0,T0096;T0097;T0098;T0099;T0100;T0101;T0102;T0103;T0104;T0105;T0106;T0107;T0108;T0109;T0110;T0111;T0112;T0113;T0114;T0115;T0116;T0117;T0118;T0119;T0120;T0121;T0122;T0123;T0124;T0125;T0126;T0127;T0128;T0129;T0130;T0131;T0133;T0134;T0135;T0136;T0137;T0138;T0139;T0140;T0141;T0142;T0143;T0144;T0145;T0146;T0147;T0148;T0149;T0150;T0151;T0152;T0153;T0154;T0155;T0156;T0157;T0158;T0159;T0160
98,0,T0097;T0098;T0099;T0100;T0101;T0102;T0103;T0104;T0105;T0106;T0107;T0108;T0109;T0110;T0111;T0112;T0113;T0114;T0115;T0116;T0117;T0118;T0119;T0120;T0121;T0122;T0123;T0124;T0125;T0126;T0127;T0128;T0129;T0130;T0131;T0133;T0134;T0135;T0136;T0137;T0138;T0139;T0140;T0141;T0142;T0143;T0144;T0145;T0146;T0147;T0148;T0149;T0150;T0151;T0152;T0153;T0154;T0155;T0156;T0157;T0158;T0159;T0160
99,0,T0098;T0099;T0100;T0101;T0102;T0103;T0104;T0105;T0106;T0107;T0108;T0109;T0110;T0111;T0112;T0113;T0114;T0115;T0116;T0117;T0118;T0119;T0120;T0121;T0122;T0123;T0124;T0125;T0126;T0127;T0128;T0129;T0130;T0131;T0133;T0134;T0135;T0136;T0137;T0138;T0139;T0140;T0141;T0142;T0143;T0144;T0145;T0146;T0147;T0148;T0149;T0150;T0151;T0152;T0153;T0154;T0155;T0156;T0157;T0158;T0159;T0160
100,0,T0099;T0100;T0101;T0102;T0103;T0104;T0105;T0106;T0107;T0108;T0109;T0110;T0111;T0112;T0113;T0114;T0115;T0116;T0117;T0118;T0119;T0120;T0121;T0122;T0123;T0124;T0125;T0126;T0127;T0128;T0129;T0130;T0131;T0133;T0134;T0135;T0136;T0137;T0138;T0139;T0140;T0141;T0142;T0143;T0144;T0145;T0146;T0147;T0148;T0149;T0150;T0151;T0152;T0153;T0154;T0155;T0156;T0157;T0158;T0159;T0160
101,0,T0100;T0101;T0102;T0103;T0104;T0105;T0106;T0107;T0108;T0109;T0110;T0111;T0112;T0113;T0114;T0115;T0116;T0117;T0118;T0119;T0120;T0121;T0122;T0123;T0124;T0125;T0126;T0127;T0128;T0129;T0130;T0131;T0133;T0134;T0135;T0136;T0137;T0138;T0139;T0140;T0141;T0142;T0143;T0144;T0145;T0146;T0147;T0148;T0149;T0150;T0151;T0152;T0153;T0154;T0155;T0156;T0157;T0158;T0159;T0160
102,0,T0101;T0102;T0103;T0104;T0105;T0106;T0107;T0108;T0109;T0110;T0111;T0112;T0113;T0114;T0115;T0116;T0117;T0118;T0119;T0120;T0121;T0122;T0123;T0124;T0125;T0126;T0127;T0128;T0129;T0130;T0131;T0133;T0134;T0135;T0136;T0137;T0138;T0139;T0140;T0141;T0142;T0143;T0144;T0145;T0146;T0147;T0148;T0149;T0150;T0151;T0152;T0153;T0154;T0155;T0156;T0157;T0158;T0159;T0160
103,0,T0102;T0103;T0104;T0105;T0106;T0107;T0108;T0109;T0110;T0111;T0112;T0113;T0114;T0115;T0116;T0117;T0118;T0119;T0120;T0121;T0122;T0123;T0124;T0125;T0126;T0127;T0128;T0129;T0130;T0131;T0133;T0134;T0135;T0136;T0137;T0138;T0139;T0140;T0141;T0142;T0143;T0144;T0145;T0146;T0147;T0148;T0149;T0150;T0151;T0152;T0153;T0154;T0155;T0156;T0157;T0158;T0159;T0160
104,0,T0103;T0104;T0105;T0106;T0107;T0108;T0109;T0110;T0111;T0112;T0113;T0114;T0115;T0116;T0117;T0118;T0119;T0120;T0121;T0122;T0123;T0124;T0125;T0126;T0127;T0128;T0129;T0130;T0131;T0133;T0134;T0135;T0136;T0137;T0138;T0139;T0140;T0141;T0142;T0143;T0144;T0145;T0146;T0147;T0148;T0149;T0150;T0151;T0152;T0153;T0154;T0155;T0156;T0157;T0158;T0159;T0160
105,0,T0104;T0105;T0106;T0107;T0108;T0109;T0110;T0111;T0112;T0113;T0114;T0115;T0116;T0117;T0118;T0119;T0120;T0121;T0122;T0123;T0124;T0125;T0126;T0127;T0128;T0129;T0130;T0131;T0133;T0134;T0135;T0136;T0137;T0138;T0139;T0140;T0141;T0142;T0143;T0144;T0145;T0146;T0147;T0148;T0149;T0150;T0151;T0152;T0153;T0154;T0155;T0156;T0157;T0158;T0159;T0160
106,0,T0105;T0106;T0107;T0108;T0109;T0110;T0111;T0112;T0113;T0114;T0115;T0116;T0117;T0118;T0119;T0120;T0121;T0122;T0123;T0124;T0125;T0126;T0127;T0128;T0129;T0130;T0131;T0133;T0134;T0135;T0136;T0137;T0138;T0139;T0140;T0141;T0142;T0143;T0144;T0145;T0146;T0147;T0148;T0149;T0150;T0151;T0152;T0153;T0154;T0155;T0156;T0157;T0158;T0159;T0160
107,0,T0106;T0107;T0108;T0109;T0110;T0111;T0112;T0113;T0114;T0115;T0116;T0117;T0118;T0119;T0120;T0121;T0122;T0123;T0124;T0125;T0126;T0127;T0128;T0129;T0130;T0131;T0133;T0134;T0135;T0136;T0137;T0138;T0139;T0140;T0141;T0142;T0143;T0144;T0145;T0146;T0147;T0148;T0149;T0150;T0151;T0152;T0153;T0154;T0155;T0156;T0157;T0158;T0159;T0160
108,0,T0107;T0108;T0109;T0110;T0111;T0112;T0113;T0114;T0115;T0116;T0117;T0118;T0119;T0120;T0121;T0122;T0123;T0124;T0125;T0126;T0127;T0128;T0129;T0130;T0131;T0133;T0134;T0135;T0136;T0137;T0138;T0139;T0140;T0141;T0142;T0143;T0144;T0145;T0146;T0147;T0148;T0149;T0150;T0151;T0152;T0153;T0154;T0155;T0156;T0157;T0158;T0159;T0160
109,0,T0108;T0109;T0110;T0111;T0112;T0113;T0114;T0115;T0116;T0117;T0118;T0119;T0120;T0121;T0122;T0123;T0124;T0125;T0126;T0127;T0128;T0129;T0130;T0131;T0133;T0134;T0135;T0136;T0137;T0138;T0139;T0140;T0141;T0142;T0143;T0144;T0145;T0146;T0147;T0148;T0149;T0150;T0151;T0152;T0153;T0154;T0155;T0156;T0157;T0158;T0159;T0160
110,0,T0109;T0110;T0111;T0112;T0113;T0114;T0115;T0116;T0117;T0118;T0119;T0120;T0121;T0122;T0123;T0124;T0125;T0126;T0127;T0128;T0129;T0130;T0131;T0133;T0134;T0135;T0136;T0137;T0138;T0139;T0140;T0141;T0142;T0143;T0144;T0145;T0146;T0147;T0148;T0149;T0150;T0151;T0152;T0153;T0154;T0155;T0156;T0157;T0158;T0159;T0160
111,0,T0110;T0111;T0112;T0113;T0114;T0115;T0116;T0117;T0118;T0119;T0120;T0121;T0122;T0123;T0124;T0125;T0126;T0127;T0128;T0129;T0130;T0131;T0133;T0134;T0135;T0136;T0137;T0138;T0139;T0140;T0141;T0142;T0143;T0144;T0145;T0146;T0147;T0148;T0149;T0150;T0151;T0152;T0153;T0154;T0155;T0156;T0157;T0158;T0159;T0160
112,0,T0111;T0112;T0113;T0114;T0115;T0116;T0117;T0118;T0119;T0120;T0121;T0122;T0123;T0124;T0125;T0126;T0127;T0128;T0129;T0130;T0131;T0133;T0134;T0135;T0136;T0137;T0138;T0139;T0140;T0141;T0142;T0143;T0144;T0145;T0146;T0147;T0148;T0149;T0150;T0151;T0152;T0153;T0154;T0155;T0156;T0157;T0158;T0159;T0160
113,0,T0112;T0113;T0114;T0115;T0116;T0117;T0118;T0119;T0120;T0121;T0122;T0123;T0124;T0125;T0126;T0127;T0128;T0129;T0130;T0131;T0133;T0134;T0135;T0136;T0137;T0138;T0139;T0140;T0141;T0142;T0143;T0144;T0145;T0146;T0147;T0148;T0149;T0150;T0151;T0152;T0153;T0154;T0155;T0156;T0157;T0158;T0159;T0160
114,0,T0113;T0114;T0115;T0116;T0117;T0118;T0119;T0120;T0121;T0122;T0123;T0124;T0125;T0126;T0127;T0128;T0129;T0130;T0131;T0133;T0134;T0135;T0136;T0137;T0138;T0139;T0140;T0141;T0142;T0143;T0144;T0145;T0146;T0147;T0148;T0149;T0150;T0151;T0152;T0153;T0154;T0155;T0156;T0157;T0158;T0159;T0160
115,0,T0114;T0115;T0116;T0117;T0118;T0119;T0120;T0121;T0122;T0123;T0124;T0125;T0126;T0127;T0128;T0129;T0130;T0131;T0133;T0134;T0135;T0136;T0137;T0138;T0139;T0140;T0141;T0142;T0143;T0144;T0145;T0146;T0147;T0148;T0149;T0150;T0151;T0152;T0153;T0154;T0155;T0156;T0157;T0158;T0159;T0160
116,0,T0115;T0116;T0117;T0118;T0119;T0120;T0121;T0122;T0123;T0124;T0125;T0126;T0127;T0128;T0129;T0130;T0131;T0133;T0134;T0135;T0136;T0137;T0138;T0139;T0140;T0141;T0142;T0143;T0144;T0145;T0146;T0147;T0148;T0149;T0150;T0151;T0152;T0153;T0154;T0155;T0156;T0157;T0158;T0159;T0160
117,0,T0116;T0117;T0118;T0119;T0120;T0121;T0122;T0123;T0124;T0125;T0126;T0127;T0128;T0129;T0130;T0131;T0133;T0134;T0135;T0136;T0137;T0138;T0139;T0140;T0141;T0142;T0143;T0144;T0145;T0146;T0147;T0148;T0149;T0150;T0151;T0152;T0153;T0154;T0155;T0156;T0157;T0158;T0159;T0160
118,0,T0117;T0118;T0119;T0120;T0121;T0122;T0123;T0124;T0125;T0126;T0127;T0128;T0129;T0130;T0131;T0133;T0134;T0135;T0136;T0137;T0138;T0139;T0140;T0141;T0142;T0143;T0144;T0145;T0146;T0147;T0148;T0149;T0150;T0151;T0152;T0153;T0154;T0155;T0156;T0157;T0158;T0159;T0160
119,0,T0118;T0119;T0120;T0121;T0122;T0123;T0124;T0125;T0126;T0127;T0128;T0129;T0130;T0131;T0133;T0134;T0135;T0136;T0137;T0138;T0139;T0140;T0141;T0142;T0143;T0144;T0145;T0146;T0147;T0148;T0149;T0150;T0151;T0152;T0153;T0154;T0155;T0156;T0157;T0158;T0159;T0160
120,0,T0119;T0120;T0121;T0122;T0123;T0124;T0125;T0126;T0127;T0128;T0129;T0130;T0131;T0133;T0134;T0135;T0136;T0137;T0138;T0139;T0140;T0141;T0142;T0143;T0144;T0145;T0146;T0147;T0148;T0149;T0150;T0151;T0152;T0153;T0154;T0155;T0156;T0157;T0158;T0159;T0160
121,0,T0120;T0121;T0122;T0123;T0124;T0125;T0126;T0127;T0128;T0129;T0130;T0131;T0133;T0134;T0135;T0136;T0137;T0138;T0139;T0140;T0141;T0142;T0143;T0144;T0145;T0146;T0147;T0148;T0149;T0150;T0151;T0152;T0153;T0154;T0155;T0156;T0157;T0158;T0159;T0160
122,0,T0121;T0122;T0123;T0124;T0125;T0126;T0127;T0128;T0129;T0130;T0131;T0133;T0134;T0135;T0136;T0137;T0138;T0139;T0140;T0141;T0142;T0143;T0144;T0145;T0146;T0147;T0148;T0149;T0150;T0151;T0152;T0153;T0154;T0155;T0156;T0157;T0158;T0159;T0160
123,0,T0122;T0123;T0124;T0125;T0126;T0127;T0128;T0129;T0130;T0131;T0133;T0134;T0135;T0136;T0137;T0138;T0139;T0140;T0141;T0142;T0143;T0144;T0145;T0146;T0147;T0148;T0149;T0150;T0151;T0152;T0153;T0154;T0155;T0156;T0157;T0158;T0159;T0160
124,0,T0123;T0124;T0125;T0126;T0127;T0128;T0129;T0130;T0131;T0133;T0134;T0135;T0136;T0137;T0138;T0139;T0140;T0141;T0142;T0143;T0144;T0145;T0146;T0147;T0148;T0149;T0150;T0151;T0152;T0153;T0154;T0155;T0156;T0157;T0158;T0159;T0160
125,0,T0124;T0125;T0126;T0127;T0128;T0129;T0130;T0131;T0133;T0134;T0135;T0136;T0137;T0138;T0139;T0140;T0141;T0142;T0143;T0144;T0145;T0146;T0147;T0148;T0149;T0150;T0151;T0152;T0153;T0154;T0155;T0156;T0157;T0158;T0159;T0160
126,0,T0125;T0126;T0127;T0128;T0129;T0130;T0131;T0133;T0134;T0135;T0136;T0137;T0138;T0139;T0140;T0141;T0142;T0143;T0144;T0145;T0146;T0147;T0148;T0149;T0150;T0151;T0152;T0153;T0154;T0155;T0156;T0157;T0158;T0159;T0160
127,0,T0126;T0127;T0128;T0129;T0130;T0131;T0133;T0134;T0135;T0136;T0137;T0138;T0139;T0140;T0141;T0142;T0143;T0144;T0145;T0146;T0147;T0148;T0149;T0150;T0151;T0152;T0153;T0154;T0155;T0156;T0157;T0158;T0159;T0160
128,0,T0127;T0128;T0129;T0130;T0131;T0133;T0134;T0135;T0136;T0137;T0138;T0139;T0140;T0141;T0142;T0143;T0144;T0145;T0146;T0147;T0148;T0149;T0150;T0151;T0152;T0153;T0154;T0155;T0156;T0157;T0158;T0159;T0160
129,0,T0128;T0129;T0130;T0131;T0133;T0134;T0135;T0136;T0137;T0138;T0139;T0140;T0141;T0142;T0143;T0144;T0145;T0146;T0147;T0148;T0149;T0150;T0151;T0152;T0153;T0154;T0155;T0156;T0157;T0158;T0159;T0160
130,0,T0129;T0130;T0131;T0133;T0134;T0135;T0136;T0137;T0138;T0139;T0140;T0141;T0142;T0143;T0144;T0145;T0146;T0147;T0148;T0149;T0150;T0151;T0152;T0153;T0154;T0155;T0156;T0157;T0158;T0159;T0160
131,0,T0130;T0131;T0133;T0134;T0135;T0136;T0137;T0138;T0139;T0140;T0141;T0142;T0143;T0144;T0145;T0146;T0147;T0148;T0149;T0150;T0151;T0152;T0153;T0154;T0155;T0156;T0157;T0158;T0159;T0160
132,0,T0131;T0133;T0134;T0135;T0136;T0137;T0138;T0139;T0140;T0141;T0142;T0143;T0144;T0145;T0146;T0147;T0148;T0149;T0150;T0151;T0152;T0153;T0154;T0155;T0156;T0157;T0158;T0159;T0160
133,0,T0133;T0134;T0135;T0136;T0137;T0138;T0139;T0140;T0141;T0142;T0143;T0144;T0145;T0146;T0147;T0148;T0149;T0150;T0151;T0152;T0153;T0154;T0155;T0156;T0157;T0158;T0159;T0160
134,0,T0134;T0135;T0136;T0137;T0138;T0139;T0140;T0141;T0142;T0143;T0144;T0145;T0146;T0147;T0148;T0149;T0150;T0151;T0152;T0153;T0154;T0155;T0156;T0157;T0158;T0159;T0160
135,0,T0135;T0136;T0137;T0138;T0139;T0140;T0141;T0142;T0143;T0144;T0145;T0146;T0147;T0148;T0149;T0150;T0151;T0152;T0153;T0154;T0155;T0156;T0157;T0158;T0159;T0160
136,0,T0136;T0137;T0138;T0139;T0140;T0141;T0142;T0143;T0144;T0145;T0146;T0147;T0148;T0149;T0150;T0151;T0152;T0153;T0154;T0155;T0156;T0157;T0158;T0159;T0160
137,0,T0137;T0138;T0139;T0140;T0141;T0142;T0143;T0144;T0145;T0146;T0147;T0148;T0149;T0150;T0151;T0152;T0153;T0154;T0155;T0156;T0157;T0158;T0159;T0160
138,0,T0138;T0139;T0140;T0141;T0142;T0143;T0144;T0145;T0146;T0147;T0148;T0149;T0150;T0151;T0152;T0153;T0154;T0155;T0156;T0157;T0158;T0159;T0160
139,0,T0139;T0140;T0141;T0142;T0143;T0144;T0145;T0146;T0147;T0148;T0149;T0150;T0151;T0152;T0153;T0154;T0155;T0156;T0157;T0158;T0159;T0160
140,0,T0140;T0141;T0142;T0143;T0144;T0145;T0146;T0147;T0148;T0149;T0150;T0151;T0152;T0153;T0154;T0155;T0156;T0157;T0158;T0159;T0160
141,0,T0141;T0142;T0143;T0144;T0145;T0146;T0147;T0148;T0149;T0150;T0151;T0152;T0153;T0154;T0155;T0156;T0157;T0158;T0159;T0160
142,0,T0142;T0143;T0144;T0145;T0146;T0147;T0148;T0149;T0150;T0151;T0152;T0153;T0154;T0155;T0156;T0157;T0158;T0159;T0160
143,0,T0143;T0144;T0145;T0146;T0147;T0148;T0149;T0150;T0151;T0152;T0153;T0154;T0155;T0156;T0157;T0158;T0159;T0160
144,0,T0144;T0145;T0146;T0147;T0148;T0149;T0150;T0151;T0152;T0153;T0154;T0155;T0156;T0157;T0158;T0159;T0160
145,0,T0145;T0146;T0147;T0148;T0149;T0150;T0151;T0152;T0153;T0154;T0155;T0156;T0157;T0158;T0159;T0160
146,0,T0146;T0147;T0148;T0149;T0150;T0151;T0152;T0153;T0154;T0155;T0156;T0157;T0158;T0159;T0160
147,0,T0147;T0148;T0149;T0150;T0151;T0152;T0153;T0154;T0155;T0156;T0157;T0158;T0159;T0160
148,0,T0148;T0149;T0150;T0151;T0152;T0153;T0154;T0155;T0156;T0157;T0158;T0159;T0160
149,0,T0149;T0150;T0151;T0152;T0153;T0154;T0155;T0156;T0157;T0158;T0159;T0160
150,0,T0150;T0151;T0152;T0153;T0154;T0155;T0156;T0157;T0158;T0159;T0160
151,0,T0151;T0152;T0153;T0154;T0155;T0156;T0157;T0158;T0159;T0160
152,0,T0152;T0153;T0154;T0155;T0156;T0157;T0158;T0159;T0160
153,0,T0153;T0154;T0155;T0156;T0157;T0158;T0159;T0160
154,0,T0154;T0155;T0156;T0157;T0158;T0159;T0160
155,0,T0155;T0156;T0157;T0158;T0159;T0160
156,0,T0156;T0157;T0158;T0159;T0160
157,0,T0157;T0158;T0159;T0160
158,0,T0158;T0159;T0160
159,0,T0159;T0160
