rank,test_id
1,T0104
2,T0074
3,T0024
4,T0126
5,T0118
6,T0030
7,T0083
8,T0060
9,T0096
10,T0063
11,T0029
12,T0050
13,T0069
14,T0038
15,T0065
16,T0137
17,T0148
18,T0145
19,T0084
20,T0115
21,T0098
22,T0160
23,T0002
24,T0101
25,T0103
26,T0045
27,T0018
28,T0123
29,T0156
30,T0020
31,T0034
32,T0012
33,T0001
34,T0082
35,T0158
36,T0111
37,T0055
38,T0059
39,T0159
40,T0154
41,T0132
42,T0135
43,T0149
44,T0131
45,T0102
46,T0089
47,T0033
48,T0015
49,T0003
50,T0087
51,T0122
52,T0091
53,T0037
54,T0108
55,T0138
56,T0048
57,T0086
58,T0071
59,T0056
60,T0142
61,T0076
62,T0146
63,T0032
64,T0021
65,T0022
66,T0107
67,T0127
68,T0090
69,T0072
70,T0141
71,T0114
72,T0010
73,T0067
74,T0068
75,T0064
76,T0009
77,T0155
78,T0129
79,T0051
80,T0081
81,T0150
82,T0005
83,T0078
84,T0133
85,T0105
86,T0075
87,T0023
88,T0025
89,T0061
90,T0014
91,T0079
92,T0026
93,T0130
94,T0007
95,T0093
96,T0094
97,T0073
98,T0013
99,T0004
100,T0116
101,T0097
102,T0136
103,T0117
104,T0092
105,T0041
106,T0095
107,T0143
108,T0134
109,T0152
110,T0139
111,T0151
112,T0058
113,T0077
114,T0042
115,T0153
116,T0044
117,T0027
118,T0031
119,T0028
120,T0088
121,T0046
122,T0128
123,T0057
124,T0121
125,T0125
126,T0008
127,T0036
128,T0053
129,T0040
130,T0113
131,T0054
132,T0085
133,T0016
134,T0140
135,T0119
136,T0106
137,T0099
138,T0039
139,T0110
140,T0144
141,T0047
142,T0006
143,T0147
144,T0157
145,T0062
146,T0080
147,T0011
148,T0049
149,T0052
150,T0109
151,T0112
152,T0070
153,T0120
154,T0066
155,T0043
156,T0124
157,T0035
158,T0017
159,T0019
160,T0100
